unit,name,kind,sector,beta_oil_total,beta_mkt,beta_oil_partial,market_oil_beta,r2_oil,r2_two,own_lo,own_hi,own_sd,nobs_days,coverage
MARKET,Oslo Børs Benchmark Index,market,,0.15378,1.00000,,0.15378,0.19911,0.19911,-0.00952,0.01023,0.00857,1219,0.80000
Exploration & production,Exploration & production,sector,Exploration & production,0.54138,1.11134,0.37047,0.15378,0.46811,0.65576,-0.01534,0.01634,0.01286,1219,0.80000
Oil service & drilling,Oil service & drilling,sector,Oil service & drilling,0.39624,1.25963,0.20253,0.15378,0.24187,0.47438,-0.01440,0.01647,0.01345,1219,0.80000
Tankers & gas shipping,Tankers & gas shipping,sector,Tankers & gas shipping,0.19154,0.89999,0.05313,0.15378,0.06640,0.20584,-0.02032,0.02158,0.01687,1219,0.80000
Other shipping,Other shipping,sector,Other shipping,0.09012,1.05035,-0.07141,0.15378,0.01159,0.16134,-0.02119,0.02284,0.01840,1219,0.80000
Seafood,Seafood,sector,Seafood,-0.00643,0.97939,-0.15704,0.15378,0.00008,0.18564,-0.01695,0.01676,0.01509,1219,0.80000
Banks & insurance,Banks & insurance,sector,Banks & insurance,0.00529,0.82019,-0.12084,0.15378,0.00020,0.46585,-0.00911,0.00980,0.00777,1219,0.80000
Industrials & materials,Industrials & materials,sector,Industrials & materials,0.05874,1.04341,-0.10172,0.15378,0.01732,0.53718,-0.00982,0.00960,0.00827,1219,0.80000
"Consumer, telecom & real estate","Consumer, telecom & real estate",sector,"Consumer, telecom & real estate",-0.03866,0.64956,-0.13855,0.15378,0.00931,0.25940,-0.01011,0.01099,0.00876,1219,0.80000
Technology & renewables,Technology & renewables,sector,Technology & renewables,0.00623,1.17956,-0.17516,0.15378,0.00008,0.27070,-0.01978,0.01835,0.01608,1219,0.80000
Investment companies,Investment companies,sector,Investment companies,0.17095,1.06391,0.00734,0.15378,0.08553,0.40065,-0.01372,0.01380,0.01155,1219,0.80000
EQNR.OL,Equinor,stock,Exploration & production,0.48893,1.09587,0.32040,0.15378,0.37947,0.56081,-0.01631,0.01649,0.01431,1219,0.80000
AKRBP.OL,Aker BP,stock,Exploration & production,0.54224,1.03657,0.38283,0.15378,0.42475,0.57241,-0.01657,0.01720,0.01494,1219,0.80000
VAR.OL,Vår Energi,stock,Exploration & production,0.55096,1.09560,0.38664,0.14998,0.38329,0.52115,-0.01782,0.01968,0.01738,1115,0.80000
DNO.OL,DNO,stock,Exploration & production,0.57837,1.00163,0.42433,0.15378,0.30440,0.39125,-0.02203,0.02285,0.02153,1219,0.80000
OKEA.OL,OKEA,stock,Exploration & production,0.62314,1.23526,0.43317,0.15378,0.28145,0.38666,-0.02594,0.02750,0.02409,1219,0.80000
PEN.OL,Panoro Energy,stock,Exploration & production,0.55721,1.20024,0.37263,0.15378,0.33657,0.48512,-0.02155,0.02120,0.01896,1219,0.80000
BWE.OL,BW Energy,stock,Exploration & production,0.43683,1.12647,0.26359,0.15378,0.17822,0.29097,-0.02572,0.02602,0.02257,1219,0.80000
SUBC.OL,Subsea 7,stock,Oil service & drilling,0.39390,1.37689,0.18216,0.15378,0.18811,0.40675,-0.01922,0.02002,0.01721,1219,0.80000
TGS.OL,TGS,stock,Oil service & drilling,0.46718,1.44984,0.24422,0.15378,0.18015,0.34520,-0.02532,0.02699,0.02295,1219,0.80000
AKSO.OL,Aker Solutions,stock,Oil service & drilling,0.32613,1.38269,0.11392,0.15347,0.11671,0.31638,-0.02075,0.02280,0.02070,1218,0.80000
ODL.OL,Odfjell Drilling,stock,Oil service & drilling,0.36775,1.08032,0.20161,0.15378,0.18117,0.32991,-0.02024,0.02214,0.02030,1219,0.80000
BORR.OL,Borr Drilling,stock,Oil service & drilling,0.46862,1.51753,0.24999,0.14407,0.09186,0.17714,-0.03747,0.03953,0.03556,982,0.80000
SOFF.OL,Solstad Offshore,stock,Oil service & drilling,0.44819,1.15435,0.27067,0.15378,0.05263,0.08585,-0.03510,0.04301,0.03784,1219,0.80000
DOFG.OL,DOF Group,stock,Oil service & drilling,0.25239,1.19015,0.08247,0.14277,0.10174,0.29156,-0.01983,0.02210,0.01682,788,0.80000
BWO.OL,BW Offshore,stock,Oil service & drilling,0.39142,0.86082,0.25904,0.15378,0.18916,0.27619,-0.02067,0.02153,0.02013,1219,0.80000
ARCH.OL,Archer,stock,Oil service & drilling,0.31658,1.45520,0.09279,0.15378,0.06899,0.20767,-0.02896,0.02955,0.02928,1219,0.80000
FRO.OL,Frontline,stock,Tankers & gas shipping,0.14388,0.93937,-0.00058,0.15378,0.01685,0.08519,-0.03171,0.03289,0.02741,1219,0.80000
HAFNI.OL,Hafnia,stock,Tankers & gas shipping,0.24651,0.85180,0.11552,0.15378,0.07149,0.15268,-0.02845,0.02883,0.02362,1219,0.80000
OET.OL,Okeanis Eco Tankers,stock,Tankers & gas shipping,0.18518,0.83670,0.05651,0.15378,0.03540,0.10415,-0.02834,0.03153,0.02473,1219,0.80000
BWLPG.OL,BW LPG,stock,Tankers & gas shipping,0.29628,1.21721,0.10909,0.15378,0.06617,0.17243,-0.03050,0.03106,0.02611,1219,0.80000
ODF.OL,Odfjell,stock,Tankers & gas shipping,0.15667,0.80162,0.03339,0.15378,0.03183,0.11109,-0.02448,0.02739,0.02224,1219,0.80000
SNI.OL,Stolt-Nielsen,stock,Tankers & gas shipping,0.12376,0.77122,0.00516,0.15378,0.02269,0.10650,-0.02275,0.02634,0.02050,1219,0.80000
WAWI.OL,Wallenius Wilhelmsen,stock,Other shipping,0.13179,1.27423,-0.06417,0.15378,0.01262,0.12482,-0.02527,0.02978,0.02521,1219,0.80000
HAUTO.OL,Höegh Autoliners,stock,Other shipping,0.13055,1.07573,-0.03095,0.15014,0.01394,0.10180,-0.02866,0.03408,0.02995,1169,0.80000
MPCC.OL,MPC Container Ships,stock,Other shipping,-0.01943,0.91909,-0.16077,0.15378,0.00033,0.07125,-0.02691,0.03123,0.02778,1219,0.80000
WWI.OL,Wilh. Wilhelmsen Holding,stock,Other shipping,0.12288,0.91118,-0.01725,0.15378,0.02938,0.18308,-0.01814,0.02087,0.01674,1219,0.80000
MOWI.OL,Mowi,stock,Seafood,0.02560,0.93600,-0.11834,0.15378,0.00156,0.20011,-0.01613,0.01584,0.01432,1219,0.80000
SALM.OL,SalMar,stock,Seafood,0.00379,1.02491,-0.15383,0.15378,0.00002,0.11764,-0.02098,0.02076,0.02056,1219,0.80000
LSG.OL,Lerøy Seafood,stock,Seafood,-0.00067,1.00509,-0.15524,0.15378,0.00000,0.15041,-0.02040,0.01942,0.01903,1219,0.80000
BAKKA.OL,Bakkafrost,stock,Seafood,-0.02206,0.91316,-0.16249,0.15378,0.00075,0.12341,-0.02295,0.02175,0.01996,1219,0.80000
AUSS.OL,Austevoll Seafood,stock,Seafood,-0.02873,0.88397,-0.16467,0.15378,0.00159,0.14438,-0.01683,0.01725,0.01647,1219,0.80000
GSF.OL,Grieg Seafood,stock,Seafood,-0.01586,1.11506,-0.18734,0.15378,0.00021,0.09885,-0.02432,0.02539,0.02555,1219,0.80000
DNB.OL,DNB,stock,Banks & insurance,0.00639,0.97708,-0.14387,0.15378,0.00021,0.45996,-0.01218,0.01202,0.01115,1219,0.80000
STB.OL,Storebrand,stock,Banks & insurance,-0.00455,0.93602,-0.14849,0.15378,0.00007,0.28765,-0.01320,0.01306,0.01274,1219,0.80000
GJF.OL,Gjensidige,stock,Banks & insurance,-0.01445,0.61346,-0.10879,0.15378,0.00084,0.14458,-0.01269,0.01304,0.01250,1219,0.80000
MING.OL,SpareBank 1 SMN,stock,Banks & insurance,0.01924,0.77370,-0.09974,0.15378,0.00188,0.29033,-0.01171,0.01265,0.01117,1219,0.80000
NONG.OL,SpareBank 1 Nord-Norge,stock,Banks & insurance,0.02478,0.81794,-0.10100,0.15378,0.00318,0.33232,-0.01215,0.01342,0.01195,1219,0.80000
SB1NO.OL,SpareBank 1 Sør-Norge,stock,Banks & insurance,0.03245,0.97057,-0.11681,0.15378,0.00469,0.40412,-0.01289,0.01282,0.01157,1219,0.80000
PROT.OL,Protector Forsikring,stock,Banks & insurance,-0.02619,0.65488,-0.12690,0.15378,0.00143,0.08659,-0.01681,0.01997,0.01766,1219,0.80000
NHY.OL,Norsk Hydro,stock,Industrials & materials,0.22573,1.32021,0.02270,0.15378,0.06945,0.29543,-0.02083,0.02198,0.01848,1219,0.80000
YAR.OL,Yara,stock,Industrials & materials,0.20269,0.82178,0.07631,0.15378,0.10415,0.26701,-0.01746,0.01693,0.01609,1219,0.80000
ELK.OL,Elkem,stock,Industrials & materials,0.15279,1.21570,-0.03417,0.15378,0.02646,0.18580,-0.02310,0.02334,0.02237,1219,0.80000
BRG.OL,Borregaard,stock,Industrials & materials,-0.04593,0.76678,-0.16385,0.15378,0.00544,0.14967,-0.01789,0.01584,0.01528,1219,0.80000
KOG.OL,Kongsberg Gruppen,stock,Industrials & materials,0.08793,1.14666,-0.08841,0.15378,0.00895,0.15372,-0.01918,0.02200,0.02209,1219,0.80000
TOM.OL,Tomra,stock,Industrials & materials,-0.17396,1.36050,-0.38319,0.15378,0.02154,0.14689,-0.02754,0.02588,0.02763,1219,0.80000
VEI.OL,Veidekke,stock,Industrials & materials,0.02067,0.66761,-0.08200,0.15378,0.00186,0.18681,-0.01359,0.01434,0.01290,1219,0.80000
AFG.OL,AF Gruppen,stock,Industrials & materials,0.01890,0.69842,-0.08851,0.15378,0.00127,0.16682,-0.01671,0.01668,0.01457,1219,0.80000
HEX.OL,Hexagon Composites,stock,Industrials & materials,0.03591,1.40922,-0.18081,0.15378,0.00067,0.09935,-0.03653,0.03561,0.03369,1219,0.80000
ORK.OL,Orkla,stock,"Consumer, telecom & real estate",-0.11151,0.38297,-0.17040,0.15378,0.05339,0.11329,-0.01148,0.01201,0.01255,1219,0.80000
TEL.OL,Telenor,stock,"Consumer, telecom & real estate",-0.05728,0.42166,-0.12212,0.15378,0.01346,0.08282,-0.01252,0.01305,0.01271,1219,0.80000
EPR.OL,Europris,stock,"Consumer, telecom & real estate",0.00208,0.59298,-0.08911,0.15378,0.00001,0.07515,-0.01544,0.01576,0.01639,1219,0.80000
KID.OL,Kid,stock,"Consumer, telecom & real estate",0.03495,0.30978,-0.01269,0.15378,0.00248,0.02105,-0.02235,0.02276,0.01984,1219,0.80000
SATS.OL,SATS,stock,"Consumer, telecom & real estate",0.05978,0.90384,-0.07922,0.15378,0.00346,0.07869,-0.02517,0.02614,0.02392,1219,0.80000
NAS.OL,Norwegian Air Shuttle,stock,"Consumer, telecom & real estate",-0.23503,1.06695,-0.39911,0.15378,0.04390,0.12997,-0.03061,0.03035,0.02744,1219,0.80000
ENTRA.OL,Entra,stock,"Consumer, telecom & real estate",0.03658,0.90024,-0.10186,0.15378,0.00295,0.17276,-0.01899,0.01790,0.01747,1219,0.80000
NOD.OL,Nordic Semiconductor,stock,Technology & renewables,0.02932,1.16926,-0.15049,0.15378,0.00049,0.07388,-0.03286,0.03335,0.03261,1219,0.80000
ATEA.OL,Atea,stock,Technology & renewables,0.00219,0.75786,-0.11436,0.15378,0.00001,0.13097,-0.01858,0.01763,0.01554,1219,0.80000
BOUV.OL,Bouvet,stock,Technology & renewables,-0.01893,0.41865,-0.08331,0.15378,0.00090,0.04294,-0.01973,0.01844,0.01684,1219,0.80000
AUTO.OL,AutoStore,stock,Technology & renewables,-0.04533,1.71604,-0.30779,0.15294,0.00075,0.10312,-0.04530,0.04373,0.04096,1195,0.80000
NEL.OL,Nel,stock,Technology & renewables,-0.00012,1.65132,-0.25407,0.15378,0.00000,0.11535,-0.04732,0.04076,0.04136,1219,0.80000
SCATC.OL,Scatec,stock,Technology & renewables,0.08023,1.39907,-0.13492,0.15378,0.00597,0.17869,-0.02731,0.02627,0.02486,1219,0.80000
AKER.OL,Aker,stock,Investment companies,0.33799,1.20004,0.15344,0.15378,0.22752,0.50037,-0.01463,0.01539,0.01390,1219,0.80000
BONHR.OL,Bonheur,stock,Investment companies,0.00074,0.92739,-0.14187,0.15378,0.00000,0.13392,-0.02211,0.02043,0.01819,1219,0.80000
