unit,name,kind,sector,from,nobs,beta_mkt,beta_oil_partial,partial_se,partial_lo,partial_hi,partial_p,beta_oil_total,total_se,total_lo,total_hi,total_p,market_oil_beta,r2,r2_oil_only,resid_vol,non_oil_vol,partial_q,total_q
MARKET,Oslo Børs Benchmark Index,market,,2007-08-10,994,1.00000,,,,,,0.28659,0.03705,0.21389,0.35928,0.00000,0.28659,0.26058,0.26058,0.02488,0.02488,,0.00000
Exploration & production,Exploration & production,sector,Exploration & production,2007-08-10,994,1.03268,0.34547,0.03566,0.27548,0.41545,0.00000,0.64142,0.04048,0.56198,0.72086,0.00000,0.28659,0.61326,0.38231,0.03327,0.04202,0.00000,0.00000
Oil service & drilling,Oil service & drilling,sector,Oil service & drilling,2007-08-10,994,1.13340,0.24337,0.03787,0.16905,0.31770,0.00000,0.56819,0.03872,0.49221,0.64418,0.00000,0.28659,0.61865,0.32099,0.03194,0.04260,0.00000,0.00000
Tankers & gas shipping,Tankers & gas shipping,sector,Tankers & gas shipping,2007-08-10,994,0.83313,-0.03397,0.04090,-0.11423,0.04630,0.40645,0.20479,0.03552,0.13508,0.27450,0.00000,0.28659,0.29279,0.06028,0.03617,0.04168,0.45161,0.00000
Other shipping,Other shipping,sector,Other shipping,2010-07-02,846,0.83915,0.00433,0.03948,-0.07317,0.08182,0.91275,0.19003,0.03671,0.11798,0.26208,0.00000,0.22130,0.19993,0.05038,0.03791,0.04127,0.91275,0.00000
Seafood,Seafood,sector,Seafood,2007-08-10,994,0.71765,-0.09141,0.02953,-0.14936,-0.03346,0.00202,0.11426,0.02947,0.05642,0.17210,0.00011,0.28659,0.23177,0.02273,0.03425,0.03861,0.00404,0.00011
Banks & insurance,Banks & insurance,sector,Banks & insurance,2007-08-10,994,0.80311,-0.03105,0.02248,-0.07517,0.01306,0.16751,0.19911,0.02466,0.15072,0.24749,0.00000,0.28659,0.58782,0.12267,0.01882,0.02745,0.22144,0.00000
Industrials & materials,Industrials & materials,sector,Industrials & materials,2007-08-10,994,0.75056,-0.02114,0.01565,-0.05186,0.00958,0.17715,0.19396,0.01475,0.16501,0.22291,0.00000,0.28659,0.62287,0.13873,0.01649,0.02491,0.22144,0.00000
"Consumer, telecom & real estate","Consumer, telecom & real estate",sector,"Consumer, telecom & real estate",2007-08-10,994,0.84925,-0.12678,0.02430,-0.17446,-0.07909,0.00000,0.11661,0.02736,0.06292,0.17030,0.00002,0.28659,0.49815,0.03728,0.02206,0.03054,0.00000,0.00002
Technology & renewables,Technology & renewables,sector,Technology & renewables,2007-08-10,994,0.66473,-0.05808,0.02201,-0.10126,-0.01490,0.00844,0.13242,0.02978,0.07399,0.19086,0.00001,0.28659,0.26049,0.03790,0.03016,0.03439,0.01406,0.00001
Investment companies,Investment companies,sector,Investment companies,2007-08-10,994,0.83459,0.10621,0.03178,0.04385,0.16858,0.00086,0.34540,0.03372,0.27923,0.41157,0.00000,0.28659,0.52362,0.22181,0.02610,0.03335,0.00216,0.00000
EQNR.OL,Equinor,stock,Exploration & production,2007-08-10,994,0.77725,0.24242,0.03162,0.18037,0.30447,0.00000,0.46518,0.02754,0.41114,0.51921,0.00000,0.28659,0.59207,0.35869,0.02558,0.03206,0.00000,0.00000
AKRBP.OL,Aker BP,stock,Exploration & production,2009-01-16,919,1.00773,0.36066,0.04983,0.26287,0.45846,0.00000,0.60258,0.05444,0.49573,0.70943,0.00000,0.24006,0.37040,0.24669,0.04795,0.05242,0.00000,0.00000
VAR.OL,Vår Energi,stock,Exploration & production,2022-02-25,238,1.09560,0.38664,0.04993,0.28827,0.48502,0.00000,0.55096,0.04217,0.46789,0.63404,0.00000,0.14998,0.52115,0.38329,0.03422,0.03875,0.00000,0.00000
DNO.OL,DNO,stock,Exploration & production,2007-08-10,994,1.19732,0.40271,0.07319,0.25909,0.54633,0.00000,0.74585,0.06498,0.61833,0.87336,0.00000,0.28659,0.40070,0.25035,0.05951,0.06653,0.00000,0.00000
OKEA.OL,OKEA,stock,Exploration & production,2019-06-28,377,1.46923,0.27650,0.09788,0.08402,0.46897,0.00499,0.56268,0.08489,0.39576,0.72961,0.00000,0.19479,0.39416,0.24068,0.05494,0.06143,0.01239,0.00000
PEN.OL,Panoro Energy,stock,Exploration & production,2010-06-18,848,1.37751,0.47956,0.05409,0.37340,0.58573,0.00000,0.78466,0.06403,0.65898,0.91035,0.00000,0.22148,0.35218,0.23908,0.06461,0.06999,0.00000,0.00000
BWE.OL,BW Energy,stock,Exploration & production,2020-02-28,342,1.42113,0.35477,0.06424,0.22842,0.48112,0.00000,0.63118,0.07297,0.48765,0.77471,0.00000,0.19450,0.47457,0.32273,0.05123,0.05807,0.00000,0.00000
SUBC.OL,Subsea 7,stock,Oil service & drilling,2007-08-10,994,1.33481,0.19873,0.04432,0.11175,0.28571,0.00001,0.58127,0.03620,0.51023,0.65231,0.00000,0.28659,0.58052,0.26044,0.03804,0.05049,0.00003,0.00000
TGS.OL,TGS,stock,Oil service & drilling,2007-08-10,994,1.23914,0.21332,0.03924,0.13631,0.29032,0.00000,0.56844,0.04450,0.48111,0.65577,0.00000,0.28659,0.47848,0.22704,0.04443,0.05406,0.00000,0.00000
AKSO.OL,Aker Solutions,stock,Oil service & drilling,2007-08-10,993,1.47451,0.24389,0.06331,0.11965,0.36813,0.00012,0.66643,0.05340,0.56164,0.77121,0.00000,0.28656,0.44993,0.21012,0.05563,0.06662,0.00046,0.00000
ODL.OL,Odfjell Drilling,stock,Oil service & drilling,2013-10-04,676,1.17654,0.32355,0.05634,0.21292,0.43419,0.00000,0.56211,0.06660,0.43134,0.69288,0.00000,0.20276,0.30573,0.20090,0.05585,0.05988,0.00000,0.00000
BORR.OL,Borr Drilling,stock,Oil service & drilling,2017-09-08,420,2.10937,0.30954,0.10998,0.09336,0.52573,0.00512,0.73323,0.10805,0.52085,0.94561,0.00000,0.20086,0.23348,0.13018,0.10508,0.11180,0.01239,0.00000
SOFF.OL,Solstad Offshore,stock,Oil service & drilling,2007-08-10,993,0.65375,0.19334,0.05675,0.08197,0.30471,0.00068,0.38064,0.05275,0.27713,0.48414,0.00000,0.28649,0.09238,0.05474,0.07996,0.08156,0.00227,0.00000
DOFG.OL,DOF Group,stock,Oil service & drilling,2023-06-30,168,1.19015,0.08247,0.05987,-0.03573,0.20067,0.17021,0.25239,0.05378,0.14620,0.35857,0.00001,0.14277,0.29156,0.10174,0.03571,0.04009,0.29786,0.00001
BWO.OL,BW Offshore,stock,Oil service & drilling,2007-08-10,994,0.92642,0.29992,0.06656,0.16931,0.43054,0.00001,0.56542,0.08198,0.40454,0.72630,0.00000,0.28659,0.23128,0.14227,0.06778,0.07156,0.00003,0.00000
ARCH.OL,Archer,stock,Oil service & drilling,2010-12-03,824,1.47739,0.24871,0.06907,0.11313,0.38429,0.00034,0.56874,0.06815,0.43497,0.70252,0.00000,0.21662,0.22107,0.11077,0.07602,0.08118,0.00118,0.00000
FRO.OL,Frontline,stock,Tankers & gas shipping,2007-08-10,994,1.12288,-0.17928,0.08612,-0.34828,-0.01028,0.03762,0.14252,0.08580,-0.02584,0.31089,0.09700,0.28659,0.12960,0.00838,0.07491,0.07992,0.07182,0.10536
HAFNI.OL,Hafnia,stock,Tankers & gas shipping,2019-11-15,357,0.84869,-0.01154,0.09463,-0.19765,0.17456,0.90298,0.15295,0.08143,-0.00719,0.31309,0.06115,0.19382,0.12065,0.03132,0.05080,0.05324,0.93258,0.07005
OET.OL,Okeanis Eco Tankers,stock,Tankers & gas shipping,2018-07-13,427,0.65508,-0.03238,0.08380,-0.19709,0.13233,0.69938,0.09895,0.07403,-0.04655,0.24445,0.18203,0.20048,0.06175,0.01187,0.05235,0.05366,0.83134,0.18800
BWLPG.OL,BW LPG,stock,Tankers & gas shipping,2013-11-29,668,1.22413,0.05451,0.05565,-0.05476,0.16377,0.32767,0.30424,0.04595,0.21402,0.39446,0.00000,0.20401,0.17972,0.06187,0.05951,0.06359,0.48008,0.00000
ODF.OL,Odfjell,stock,Tankers & gas shipping,2007-08-10,994,0.53256,0.00113,0.04002,-0.07740,0.07965,0.97751,0.15375,0.03718,0.08079,0.22672,0.00004,0.28659,0.10012,0.02637,0.04632,0.04815,0.98132,0.00007
SNI.OL,Stolt-Nielsen,stock,Tankers & gas shipping,2007-08-10,994,0.79841,0.00777,0.03334,-0.05765,0.07319,0.81581,0.23658,0.02576,0.18604,0.28713,0.00000,0.28659,0.24682,0.06754,0.04074,0.04531,0.91266,0.00000
WAWI.OL,Wallenius Wilhelmsen,stock,Other shipping,2010-07-02,846,0.99996,0.03474,0.05362,-0.07050,0.13997,0.51721,0.25603,0.05463,0.14881,0.36325,0.00000,0.22130,0.16177,0.04869,0.05317,0.05661,0.65744,0.00001
HAUTO.OL,Höegh Autoliners,stock,Other shipping,2021-12-10,249,1.07573,-0.03095,0.07076,-0.17033,0.10842,0.66219,0.13055,0.05577,0.02070,0.24040,0.02004,0.15014,0.10180,0.01394,0.05747,0.06010,0.80227,0.02416
MPCC.OL,MPC Container Ships,stock,Other shipping,2017-06-09,484,1.09192,-0.05996,0.07837,-0.21394,0.09403,0.44461,0.16125,0.06325,0.03698,0.28553,0.01109,0.20259,0.09324,0.01694,0.06725,0.06995,0.58882,0.01398
WWI.OL,Wilh. Wilhelmsen Holding,stock,Other shipping,2007-08-10,994,0.58772,0.00832,0.02878,-0.04815,0.06478,0.77267,0.17675,0.02470,0.12827,0.22523,0.00000,0.28659,0.16815,0.04701,0.03834,0.04102,0.88506,0.00000
MOWI.OL,Mowi,stock,Seafood,2007-08-10,994,0.89942,-0.10679,0.03364,-0.17281,-0.04078,0.00155,0.15097,0.04177,0.06900,0.23293,0.00032,0.28659,0.22236,0.02398,0.04433,0.04964,0.00424,0.00051
SALM.OL,SalMar,stock,Seafood,2007-08-10,994,0.54506,-0.09470,0.04213,-0.17737,-0.01204,0.02479,0.06150,0.04551,-0.02780,0.15081,0.17686,0.28659,0.08148,0.00422,0.04679,0.04869,0.05140,0.18570
LSG.OL,Lerøy Seafood,stock,Seafood,2007-08-10,994,0.56348,-0.06813,0.03239,-0.13169,-0.00457,0.03567,0.09336,0.03126,0.03201,0.15470,0.00289,0.28659,0.10068,0.01061,0.04433,0.04647,0.07022,0.00405
BAKKA.OL,Bakkafrost,stock,Seafood,2010-04-02,859,0.67513,-0.07101,0.04188,-0.15322,0.01120,0.09036,0.08278,0.03561,0.01289,0.15268,0.02032,0.22781,0.10599,0.00922,0.04074,0.04286,0.16264,0.02416
AUSS.OL,Austevoll Seafood,stock,Seafood,2007-08-10,994,0.92842,-0.13156,0.04056,-0.21116,-0.05196,0.00122,0.13452,0.02961,0.07642,0.19262,0.00001,0.28659,0.25142,0.02078,0.04164,0.04760,0.00357,0.00001
GSF.OL,Grieg Seafood,stock,Seafood,2007-08-10,994,0.80639,-0.07805,0.04270,-0.16185,0.00575,0.06788,0.15305,0.04033,0.07390,0.23220,0.00016,0.28659,0.11790,0.01578,0.05901,0.06230,0.12578,0.00027
DNB.OL,DNB,stock,Banks & insurance,2007-08-10,994,1.22318,-0.06571,0.02717,-0.11902,-0.01239,0.01576,0.28484,0.02513,0.23553,0.33416,0.00000,0.28659,0.58953,0.11128,0.02821,0.04149,0.03546,0.00000
STB.OL,Storebrand,stock,Banks & insurance,2007-08-10,994,1.43030,-0.12434,0.03841,-0.19970,-0.04897,0.00125,0.28557,0.02833,0.22998,0.34116,0.00000,0.28659,0.47269,0.06904,0.04070,0.05405,0.00357,0.00000
GJF.OL,Gjensidige,stock,Banks & insurance,2010-12-17,822,0.64972,-0.10138,0.01508,-0.13099,-0.07177,0.00000,0.03893,0.01536,0.00877,0.06908,0.01147,0.21595,0.22606,0.00537,0.02357,0.02671,0.00000,0.01417
MING.OL,SpareBank 1 SMN,stock,Banks & insurance,2007-08-10,994,0.65425,0.00975,0.02656,-0.04236,0.06186,0.71369,0.19725,0.03239,0.13369,0.26080,0.00000,0.28659,0.28920,0.08114,0.03011,0.03421,0.83263,0.00000
NONG.OL,SpareBank 1 Nord-Norge,stock,Banks & insurance,2007-08-10,994,0.60522,-0.02014,0.02621,-0.07157,0.03129,0.44232,0.15331,0.02605,0.10219,0.20442,0.00000,0.28659,0.23031,0.04972,0.03111,0.03455,0.58882,0.00000
SB1NO.OL,SpareBank 1 Sør-Norge,stock,Banks & insurance,2007-08-10,994,0.64264,0.00451,0.03434,-0.06289,0.07190,0.89565,0.18868,0.04366,0.10301,0.27435,0.00002,0.28659,0.26395,0.07127,0.03127,0.03511,0.93258,0.00003
PROT.OL,Protector Forsikring,stock,Banks & insurance,2007-08-10,994,0.40168,0.07647,0.06073,-0.04270,0.19564,0.20827,0.19158,0.06323,0.06751,0.31566,0.00251,0.28659,0.07868,0.03886,0.04811,0.04911,0.34147,0.00368
NHY.OL,Norsk Hydro,stock,Industrials & materials,2007-08-10,994,1.25221,-0.02567,0.04005,-0.10427,0.05293,0.52177,0.33320,0.03401,0.26646,0.39994,0.00000,0.28659,0.50026,0.11657,0.03558,0.04728,0.65744,0.00000
YAR.OL,Yara,stock,Industrials & materials,2007-08-10,994,1.02300,0.02977,0.02981,-0.02872,0.08827,0.31817,0.32295,0.03341,0.25738,0.38852,0.00000,0.28659,0.42302,0.12671,0.03554,0.04370,0.47725,0.00000
ELK.OL,Elkem,stock,Industrials & materials,2018-03-30,442,1.59076,-0.00124,0.05273,-0.10487,0.10240,0.98132,0.31754,0.04107,0.23683,0.39826,0.00000,0.20039,0.33179,0.09676,0.04906,0.05697,0.98132,0.00000
BRG.OL,Borregaard,stock,Industrials & materials,2012-10-26,725,0.89152,-0.12403,0.02942,-0.18179,-0.06627,0.00003,0.05510,0.03035,-0.00449,0.11470,0.06989,0.20093,0.17675,0.00537,0.03543,0.03891,0.00011,0.07862
KOG.OL,Kongsberg Gruppen,stock,Industrials & materials,2007-08-10,994,0.49461,0.03053,0.03787,-0.04378,0.10484,0.42032,0.17228,0.03234,0.10882,0.23573,0.00000,0.28659,0.12556,0.04299,0.04007,0.04190,0.58882,0.00000
TOM.OL,Tomra,stock,Industrials & materials,2007-08-10,994,0.71188,-0.14354,0.04323,-0.22837,-0.05871,0.00093,0.06048,0.03365,-0.00556,0.12652,0.07264,0.28659,0.13731,0.00412,0.04511,0.04844,0.00293,0.08029
VEI.OL,Veidekke,stock,Industrials & materials,2007-08-10,994,0.64866,-0.01615,0.03321,-0.08133,0.04902,0.62687,0.16975,0.03993,0.09138,0.24811,0.00002,0.28659,0.22686,0.05152,0.03391,0.03754,0.77437,0.00004
AFG.OL,AF Gruppen,stock,Industrials & materials,2007-08-10,994,0.30300,0.00724,0.03287,-0.05727,0.07175,0.82574,0.09407,0.03270,0.02990,0.15825,0.00410,0.28659,0.09512,0.02783,0.02766,0.02866,0.91266,0.00539
HEX.OL,Hexagon Composites,stock,Industrials & materials,2007-08-10,994,0.76121,-0.05088,0.04920,-0.14744,0.04567,0.30131,0.16727,0.03983,0.08911,0.24543,0.00003,0.28659,0.09127,0.01566,0.06570,0.06835,0.46299,0.00005
ORK.OL,Orkla,stock,"Consumer, telecom & real estate",2007-08-10,994,0.81091,-0.16424,0.02208,-0.20757,-0.12091,0.00000,0.06816,0.02124,0.02648,0.10983,0.00137,0.28659,0.40103,0.01180,0.02504,0.03215,0.00000,0.00206
TEL.OL,Telenor,stock,"Consumer, telecom & real estate",2007-08-10,994,0.71871,-0.12664,0.02356,-0.17287,-0.08042,0.00000,0.07933,0.02233,0.03552,0.12314,0.00040,0.28659,0.30019,0.01491,0.02803,0.03323,0.00000,0.00063
EPR.OL,Europris,stock,"Consumer, telecom & real estate",2015-06-26,586,0.64494,-0.07360,0.03063,-0.13375,-0.01345,0.01657,0.05886,0.03101,-0.00204,0.11977,0.05816,0.20538,0.10250,0.00742,0.03588,0.03770,0.03599,0.06786
KID.OL,Kid,stock,"Consumer, telecom & real estate",2015-11-13,566,0.45107,0.07785,0.06193,-0.04379,0.19949,0.20924,0.17036,0.06489,0.04290,0.29781,0.00889,0.20509,0.08815,0.05074,0.04018,0.04096,0.34147,0.01143
SATS.OL,SATS,stock,"Consumer, telecom & real estate",2019-12-20,352,1.37741,-0.03835,0.05055,-0.13777,0.06108,0.44862,0.22880,0.07533,0.08064,0.37696,0.00257,0.19395,0.23836,0.05480,0.05382,0.05987,0.58882,0.00368
NAS.OL,Norwegian Air Shuttle,stock,"Consumer, telecom & real estate",2007-08-10,994,1.16395,-0.31851,0.06482,-0.44572,-0.19131,0.00000,0.01506,0.08106,-0.14401,0.17413,0.85266,0.28659,0.09632,0.00007,0.08879,0.09336,0.00001,0.85266
ENTRA.OL,Entra,stock,"Consumer, telecom & real estate",2014-10-24,621,0.69241,-0.02488,0.03199,-0.08770,0.03794,0.43697,0.11558,0.03090,0.05491,0.17625,0.00020,0.20286,0.17702,0.03581,0.03069,0.03319,0.58882,0.00033
NOD.OL,Nordic Semiconductor,stock,Technology & renewables,2007-08-10,994,0.69527,-0.04676,0.04462,-0.13433,0.04080,0.29490,0.15249,0.05176,0.05091,0.25407,0.00330,0.28659,0.08783,0.01503,0.06127,0.06364,0.46299,0.00451
ATEA.OL,Atea,stock,Technology & renewables,2007-08-10,994,0.77218,-0.04489,0.03589,-0.11533,0.02555,0.21139,0.17641,0.03177,0.11406,0.23876,0.00000,0.28659,0.26812,0.04906,0.03514,0.04003,0.34147,0.00000
BOUV.OL,Bouvet,stock,Technology & renewables,2007-08-10,994,0.29230,0.00450,0.02659,-0.04768,0.05668,0.86570,0.08827,0.03056,0.02829,0.14824,0.00396,0.28659,0.05957,0.01675,0.03411,0.03486,0.92439,0.00531
AUTO.OL,AutoStore,stock,Technology & renewables,2021-10-29,255,1.71604,-0.30779,0.10261,-0.50986,-0.10571,0.00297,-0.04533,0.08845,-0.21952,0.12886,0.60875,0.15294,0.10312,0.00075,0.08536,0.08992,0.00780,0.61857
NEL.OL,Nel,stock,Technology & renewables,2014-10-10,623,1.40596,-0.19472,0.07384,-0.33973,-0.04971,0.00857,0.09080,0.05934,-0.02573,0.20733,0.12649,0.20308,0.09178,0.00332,0.08317,0.08706,0.02000,0.13506
SCATC.OL,Scatec,stock,Technology & renewables,2014-10-10,623,1.11044,-0.10275,0.04582,-0.19273,-0.01276,0.02529,0.12276,0.03806,0.04801,0.19750,0.00133,0.20308,0.14979,0.01484,0.05146,0.05535,0.05140,0.00204
AKER.OL,Aker,stock,Investment companies,2007-08-10,994,0.94977,0.22036,0.04581,0.13047,0.31024,0.00000,0.49255,0.05357,0.38742,0.59768,0.00000,0.28659,0.51008,0.27327,0.03401,0.04140,0.00001,0.00000
BONHR.OL,Bonheur,stock,Investment companies,2007-08-10,994,0.72422,-0.00582,0.03393,-0.07241,0.06077,0.86389,0.20173,0.03102,0.14085,0.26261,0.00000,0.28659,0.23163,0.05786,0.03791,0.04196,0.92439,0.00000
