,unit,direction,day,mean_car,se,n_events
0,MARKET,down,-5,0.00792,0.00453,47
1,MARKET,down,-4,0.00863,0.00394,47
2,MARKET,down,-3,0.00509,0.00404,47
3,MARKET,down,-2,0.00520,0.00302,47
4,MARKET,down,-1,0.00000,0.00000,47
5,MARKET,down,0,-0.01858,0.00356,47
6,MARKET,down,1,-0.02464,0.00533,47
7,MARKET,down,2,-0.02784,0.00777,47
8,MARKET,down,3,-0.02226,0.00783,47
9,MARKET,down,4,-0.02430,0.00956,47
10,MARKET,down,5,-0.01440,0.00844,47
11,MARKET,down,6,-0.01347,0.00842,47
12,MARKET,down,7,-0.01445,0.00904,47
13,MARKET,down,8,-0.01081,0.01056,47
14,MARKET,down,9,-0.01445,0.00990,47
15,MARKET,down,10,-0.01829,0.00888,47
16,Exploration & production,down,-5,0.00157,0.00514,47
17,Exploration & production,down,-4,0.00147,0.00426,47
18,Exploration & production,down,-3,0.00203,0.00356,47
19,Exploration & production,down,-2,0.00085,0.00239,47
20,Exploration & production,down,-1,0.00000,0.00000,47
21,Exploration & production,down,0,-0.02683,0.00365,47
22,Exploration & production,down,1,-0.03398,0.00631,47
23,Exploration & production,down,2,-0.03086,0.00729,47
24,Exploration & production,down,3,-0.02444,0.00874,47
25,Exploration & production,down,4,-0.02494,0.01247,47
26,Exploration & production,down,5,-0.02236,0.01252,47
27,Exploration & production,down,6,-0.02012,0.01248,47
28,Exploration & production,down,7,-0.02105,0.01474,47
29,Exploration & production,down,8,-0.01473,0.01542,47
30,Exploration & production,down,9,-0.01955,0.01677,47
31,Exploration & production,down,10,-0.02332,0.01580,47
32,Oil service & drilling,down,-5,0.01210,0.00590,47
33,Oil service & drilling,down,-4,0.01127,0.00481,47
34,Oil service & drilling,down,-3,0.00753,0.00383,47
35,Oil service & drilling,down,-2,0.00217,0.00250,47
36,Oil service & drilling,down,-1,0.00000,0.00000,47
37,Oil service & drilling,down,0,-0.02723,0.00347,47
38,Oil service & drilling,down,1,-0.03579,0.00593,47
39,Oil service & drilling,down,2,-0.03258,0.00654,47
40,Oil service & drilling,down,3,-0.02837,0.00762,47
41,Oil service & drilling,down,4,-0.02977,0.00860,47
42,Oil service & drilling,down,5,-0.02789,0.00936,47
43,Oil service & drilling,down,6,-0.02619,0.01068,47
44,Oil service & drilling,down,7,-0.02868,0.01187,47
45,Oil service & drilling,down,8,-0.03131,0.01317,47
46,Oil service & drilling,down,9,-0.03351,0.01279,47
47,Oil service & drilling,down,10,-0.03275,0.01149,47
48,Tankers & gas shipping,down,-5,0.00719,0.00554,47
49,Tankers & gas shipping,down,-4,0.00601,0.00495,47
50,Tankers & gas shipping,down,-3,0.00770,0.00424,47
51,Tankers & gas shipping,down,-2,0.00188,0.00282,47
52,Tankers & gas shipping,down,-1,0.00000,0.00000,47
53,Tankers & gas shipping,down,0,-0.01185,0.00333,47
54,Tankers & gas shipping,down,1,-0.01629,0.00418,47
55,Tankers & gas shipping,down,2,-0.01578,0.00558,47
56,Tankers & gas shipping,down,3,-0.01412,0.00680,47
57,Tankers & gas shipping,down,4,-0.01154,0.00794,47
58,Tankers & gas shipping,down,5,-0.01170,0.00819,47
59,Tankers & gas shipping,down,6,-0.00998,0.00761,47
60,Tankers & gas shipping,down,7,-0.01062,0.00840,47
61,Tankers & gas shipping,down,8,-0.01019,0.00828,47
62,Tankers & gas shipping,down,9,-0.01089,0.00894,47
63,Tankers & gas shipping,down,10,-0.01049,0.00848,47
64,Seafood,down,-5,0.01104,0.00511,47
65,Seafood,down,-4,0.00679,0.00480,47
66,Seafood,down,-3,0.00382,0.00404,47
67,Seafood,down,-2,0.00037,0.00262,47
68,Seafood,down,-1,0.00000,0.00000,47
69,Seafood,down,0,-0.01081,0.00282,47
70,Seafood,down,1,-0.00801,0.00344,47
71,Seafood,down,2,-0.00992,0.00477,47
72,Seafood,down,3,-0.01436,0.00547,47
73,Seafood,down,4,-0.01223,0.00590,47
74,Seafood,down,5,-0.01563,0.00575,47
75,Seafood,down,6,-0.01560,0.00625,47
76,Seafood,down,7,-0.01971,0.00748,47
77,Seafood,down,8,-0.01981,0.00822,47
78,Seafood,down,9,-0.01959,0.00961,47
79,Seafood,down,10,-0.02007,0.00989,47
80,Banks & insurance,down,-5,0.00307,0.00344,47
81,Banks & insurance,down,-4,0.00406,0.00282,47
82,Banks & insurance,down,-3,0.00263,0.00202,47
83,Banks & insurance,down,-2,0.00202,0.00180,47
84,Banks & insurance,down,-1,0.00000,0.00000,47
85,Banks & insurance,down,0,-0.01385,0.00250,47
86,Banks & insurance,down,1,-0.01882,0.00315,47
87,Banks & insurance,down,2,-0.02120,0.00403,47
88,Banks & insurance,down,3,-0.01905,0.00519,47
89,Banks & insurance,down,4,-0.02135,0.00619,47
90,Banks & insurance,down,5,-0.01834,0.00604,47
91,Banks & insurance,down,6,-0.01840,0.00674,47
92,Banks & insurance,down,7,-0.01899,0.00761,47
93,Banks & insurance,down,8,-0.01917,0.00828,47
94,Banks & insurance,down,9,-0.02043,0.00798,47
95,Banks & insurance,down,10,-0.01887,0.00767,47
96,Industrials & materials,down,-5,0.00554,0.00186,47
97,Industrials & materials,down,-4,0.00451,0.00196,47
98,Industrials & materials,down,-3,0.00207,0.00185,47
99,Industrials & materials,down,-2,-0.00026,0.00140,47
100,Industrials & materials,down,-1,0.00000,0.00000,47
101,Industrials & materials,down,0,-0.01330,0.00200,47
102,Industrials & materials,down,1,-0.01311,0.00227,47
103,Industrials & materials,down,2,-0.01269,0.00269,47
104,Industrials & materials,down,3,-0.01267,0.00308,47
105,Industrials & materials,down,4,-0.01294,0.00353,47
106,Industrials & materials,down,5,-0.01234,0.00368,47
107,Industrials & materials,down,6,-0.01336,0.00390,47
108,Industrials & materials,down,7,-0.01460,0.00454,47
109,Industrials & materials,down,8,-0.01394,0.00519,47
110,Industrials & materials,down,9,-0.01476,0.00511,47
111,Industrials & materials,down,10,-0.01396,0.00507,47
112,"Consumer, telecom & real estate",down,-5,0.00305,0.00266,47
113,"Consumer, telecom & real estate",down,-4,0.00228,0.00220,47
114,"Consumer, telecom & real estate",down,-3,0.00139,0.00218,47
115,"Consumer, telecom & real estate",down,-2,0.00155,0.00144,47
116,"Consumer, telecom & real estate",down,-1,0.00000,0.00000,47
117,"Consumer, telecom & real estate",down,0,-0.00862,0.00257,47
118,"Consumer, telecom & real estate",down,1,-0.00654,0.00285,47
119,"Consumer, telecom & real estate",down,2,-0.00396,0.00335,47
120,"Consumer, telecom & real estate",down,3,-0.00344,0.00354,47
121,"Consumer, telecom & real estate",down,4,-0.00398,0.00530,47
122,"Consumer, telecom & real estate",down,5,-0.00427,0.00526,47
123,"Consumer, telecom & real estate",down,6,-0.00464,0.00586,47
124,"Consumer, telecom & real estate",down,7,0.00069,0.00591,47
125,"Consumer, telecom & real estate",down,8,0.00060,0.00596,47
126,"Consumer, telecom & real estate",down,9,0.00175,0.00625,47
127,"Consumer, telecom & real estate",down,10,0.00305,0.00577,47
128,Technology & renewables,down,-5,-0.00205,0.00430,47
129,Technology & renewables,down,-4,-0.00306,0.00453,47
130,Technology & renewables,down,-3,0.00031,0.00338,47
131,Technology & renewables,down,-2,0.00002,0.00205,47
132,Technology & renewables,down,-1,0.00000,0.00000,47
133,Technology & renewables,down,0,-0.01278,0.00307,47
134,Technology & renewables,down,1,-0.01520,0.00363,47
135,Technology & renewables,down,2,-0.01722,0.00474,47
136,Technology & renewables,down,3,-0.01303,0.00414,47
137,Technology & renewables,down,4,-0.01365,0.00494,47
138,Technology & renewables,down,5,-0.01446,0.00487,47
139,Technology & renewables,down,6,-0.01665,0.00527,47
140,Technology & renewables,down,7,-0.01196,0.00653,47
141,Technology & renewables,down,8,-0.01168,0.00714,47
142,Technology & renewables,down,9,-0.00853,0.00789,47
143,Technology & renewables,down,10,-0.00530,0.00881,47
144,Investment companies,down,-5,0.00524,0.00440,47
145,Investment companies,down,-4,0.00353,0.00373,47
146,Investment companies,down,-3,0.00334,0.00287,47
147,Investment companies,down,-2,0.00303,0.00217,47
148,Investment companies,down,-1,0.00000,0.00000,47
149,Investment companies,down,0,-0.01437,0.00263,47
150,Investment companies,down,1,-0.01781,0.00333,47
151,Investment companies,down,2,-0.01783,0.00411,47
152,Investment companies,down,3,-0.01913,0.00510,47
153,Investment companies,down,4,-0.02115,0.00643,47
154,Investment companies,down,5,-0.02003,0.00568,47
155,Investment companies,down,6,-0.01716,0.00692,47
156,Investment companies,down,7,-0.01518,0.00808,47
157,Investment companies,down,8,-0.01579,0.00915,47
158,Investment companies,down,9,-0.01936,0.01043,47
159,Investment companies,down,10,-0.02141,0.01095,47
160,MARKET,up,-5,-0.00242,0.00600,22
161,MARKET,up,-4,-0.00362,0.00697,22
162,MARKET,up,-3,-0.00094,0.00676,22
163,MARKET,up,-2,0.00064,0.00496,22
164,MARKET,up,-1,0.00000,0.00000,22
165,MARKET,up,0,0.01341,0.00512,22
166,MARKET,up,1,0.01614,0.00603,22
167,MARKET,up,2,0.02005,0.00881,22
168,MARKET,up,3,0.01426,0.00797,22
169,MARKET,up,4,0.01242,0.00684,22
170,MARKET,up,5,0.01326,0.00745,22
171,MARKET,up,6,0.01228,0.00866,22
172,MARKET,up,7,0.01376,0.00901,22
173,MARKET,up,8,0.00924,0.00869,22
174,MARKET,up,9,0.01047,0.00869,22
175,MARKET,up,10,0.00992,0.00930,22
176,Exploration & production,up,-5,0.01162,0.01350,22
177,Exploration & production,up,-4,0.00699,0.01135,22
178,Exploration & production,up,-3,0.00273,0.00988,22
179,Exploration & production,up,-2,0.00455,0.00675,22
180,Exploration & production,up,-1,0.00000,0.00000,22
181,Exploration & production,up,0,0.03387,0.00501,22
182,Exploration & production,up,1,0.03898,0.00657,22
183,Exploration & production,up,2,0.04420,0.00982,22
184,Exploration & production,up,3,0.04149,0.00891,22
185,Exploration & production,up,4,0.04011,0.01158,22
186,Exploration & production,up,5,0.03440,0.01129,22
187,Exploration & production,up,6,0.03030,0.01009,22
188,Exploration & production,up,7,0.02836,0.01117,22
189,Exploration & production,up,8,0.02657,0.01267,22
190,Exploration & production,up,9,0.02219,0.01523,22
191,Exploration & production,up,10,0.01399,0.01650,22
192,Oil service & drilling,up,-5,0.01298,0.01027,22
193,Oil service & drilling,up,-4,0.01055,0.00807,22
194,Oil service & drilling,up,-3,0.00780,0.00625,22
195,Oil service & drilling,up,-2,0.00251,0.00463,22
196,Oil service & drilling,up,-1,0.00000,0.00000,22
197,Oil service & drilling,up,0,0.03072,0.00694,22
198,Oil service & drilling,up,1,0.03465,0.00959,22
199,Oil service & drilling,up,2,0.04662,0.01292,22
200,Oil service & drilling,up,3,0.04435,0.01483,22
201,Oil service & drilling,up,4,0.03688,0.01641,22
202,Oil service & drilling,up,5,0.03432,0.01352,22
203,Oil service & drilling,up,6,0.03259,0.01356,22
204,Oil service & drilling,up,7,0.03035,0.01517,22
205,Oil service & drilling,up,8,0.02319,0.01547,22
206,Oil service & drilling,up,9,0.01672,0.01576,22
207,Oil service & drilling,up,10,0.01131,0.01543,22
208,Tankers & gas shipping,up,-5,0.00042,0.00935,22
209,Tankers & gas shipping,up,-4,0.00397,0.00647,22
210,Tankers & gas shipping,up,-3,0.00187,0.00604,22
211,Tankers & gas shipping,up,-2,-0.00225,0.00633,22
212,Tankers & gas shipping,up,-1,0.00000,0.00000,22
213,Tankers & gas shipping,up,0,0.01762,0.00517,22
214,Tankers & gas shipping,up,1,0.01247,0.00614,22
215,Tankers & gas shipping,up,2,0.01754,0.00629,22
216,Tankers & gas shipping,up,3,0.01893,0.00626,22
217,Tankers & gas shipping,up,4,0.01885,0.00805,22
218,Tankers & gas shipping,up,5,0.02067,0.00899,22
219,Tankers & gas shipping,up,6,0.01902,0.00858,22
220,Tankers & gas shipping,up,7,0.02555,0.01037,22
221,Tankers & gas shipping,up,8,0.02693,0.01231,22
222,Tankers & gas shipping,up,9,0.02337,0.01437,22
223,Tankers & gas shipping,up,10,0.02690,0.01702,22
224,Seafood,up,-5,-0.00099,0.00627,22
225,Seafood,up,-4,0.00080,0.00509,22
226,Seafood,up,-3,-0.00595,0.00466,22
227,Seafood,up,-2,-0.00160,0.00333,22
228,Seafood,up,-1,0.00000,0.00000,22
229,Seafood,up,0,0.00685,0.00550,22
230,Seafood,up,1,0.00705,0.00811,22
231,Seafood,up,2,0.00517,0.00761,22
232,Seafood,up,3,0.00494,0.00814,22
233,Seafood,up,4,0.01135,0.01016,22
234,Seafood,up,5,0.01033,0.01132,22
235,Seafood,up,6,0.00921,0.01142,22
236,Seafood,up,7,0.00920,0.01110,22
237,Seafood,up,8,0.00968,0.01131,22
238,Seafood,up,9,0.01215,0.01144,22
239,Seafood,up,10,0.00942,0.01259,22
240,Banks & insurance,up,-5,0.00103,0.00485,22
241,Banks & insurance,up,-4,-0.00214,0.00455,22
242,Banks & insurance,up,-3,-0.00204,0.00392,22
243,Banks & insurance,up,-2,-0.00037,0.00242,22
244,Banks & insurance,up,-1,0.00000,0.00000,22
245,Banks & insurance,up,0,0.00549,0.00329,22
246,Banks & insurance,up,1,0.00558,0.00424,22
247,Banks & insurance,up,2,0.00801,0.00412,22
248,Banks & insurance,up,3,0.00864,0.00463,22
249,Banks & insurance,up,4,0.00817,0.00435,22
250,Banks & insurance,up,5,0.00815,0.00514,22
251,Banks & insurance,up,6,0.00860,0.00491,22
252,Banks & insurance,up,7,0.00955,0.00482,22
253,Banks & insurance,up,8,0.01010,0.00628,22
254,Banks & insurance,up,9,0.00855,0.00693,22
255,Banks & insurance,up,10,0.00470,0.00741,22
256,Industrials & materials,up,-5,-0.00035,0.00467,22
257,Industrials & materials,up,-4,-0.00141,0.00334,22
258,Industrials & materials,up,-3,-0.00052,0.00299,22
259,Industrials & materials,up,-2,0.00176,0.00239,22
260,Industrials & materials,up,-1,0.00000,0.00000,22
261,Industrials & materials,up,0,0.00869,0.00306,22
262,Industrials & materials,up,1,0.00761,0.00386,22
263,Industrials & materials,up,2,0.01157,0.00574,22
264,Industrials & materials,up,3,0.00797,0.00633,22
265,Industrials & materials,up,4,0.01132,0.00649,22
266,Industrials & materials,up,5,0.00879,0.00655,22
267,Industrials & materials,up,6,0.01187,0.00537,22
268,Industrials & materials,up,7,0.01114,0.00574,22
269,Industrials & materials,up,8,0.01221,0.00625,22
270,Industrials & materials,up,9,0.01089,0.00731,22
271,Industrials & materials,up,10,0.00756,0.00716,22
272,"Consumer, telecom & real estate",up,-5,0.00323,0.00572,22
273,"Consumer, telecom & real estate",up,-4,0.00308,0.00584,22
274,"Consumer, telecom & real estate",up,-3,0.00282,0.00441,22
275,"Consumer, telecom & real estate",up,-2,0.00142,0.00311,22
276,"Consumer, telecom & real estate",up,-1,0.00000,0.00000,22
277,"Consumer, telecom & real estate",up,0,0.00610,0.00325,22
278,"Consumer, telecom & real estate",up,1,0.00026,0.00475,22
279,"Consumer, telecom & real estate",up,2,0.00022,0.00483,22
280,"Consumer, telecom & real estate",up,3,0.00116,0.00491,22
281,"Consumer, telecom & real estate",up,4,0.00177,0.00479,22
282,"Consumer, telecom & real estate",up,5,-0.00229,0.00620,22
283,"Consumer, telecom & real estate",up,6,0.00043,0.00694,22
284,"Consumer, telecom & real estate",up,7,0.00791,0.00931,22
285,"Consumer, telecom & real estate",up,8,0.00627,0.01002,22
286,"Consumer, telecom & real estate",up,9,0.00423,0.01058,22
287,"Consumer, telecom & real estate",up,10,0.00445,0.01097,22
288,Technology & renewables,up,-5,0.00188,0.00935,22
289,Technology & renewables,up,-4,0.00793,0.00573,22
290,Technology & renewables,up,-3,0.00448,0.00521,22
291,Technology & renewables,up,-2,0.00702,0.00308,22
292,Technology & renewables,up,-1,0.00000,0.00000,22
293,Technology & renewables,up,0,0.00320,0.00373,22
294,Technology & renewables,up,1,0.00191,0.00509,22
295,Technology & renewables,up,2,0.00252,0.00570,22
296,Technology & renewables,up,3,0.00319,0.00527,22
297,Technology & renewables,up,4,0.00572,0.00695,22
298,Technology & renewables,up,5,0.00273,0.00667,22
299,Technology & renewables,up,6,0.00181,0.00752,22
300,Technology & renewables,up,7,0.00524,0.00792,22
301,Technology & renewables,up,8,0.00883,0.00728,22
302,Technology & renewables,up,9,0.00262,0.00653,22
303,Technology & renewables,up,10,0.00563,0.00646,22
304,Investment companies,up,-5,0.00787,0.00655,22
305,Investment companies,up,-4,0.00487,0.00569,22
306,Investment companies,up,-3,-0.00134,0.00493,22
307,Investment companies,up,-2,0.00005,0.00405,22
308,Investment companies,up,-1,0.00000,0.00000,22
309,Investment companies,up,0,0.01966,0.00455,22
310,Investment companies,up,1,0.02587,0.00562,22
311,Investment companies,up,2,0.02937,0.00779,22
312,Investment companies,up,3,0.03009,0.00766,22
313,Investment companies,up,4,0.03213,0.00771,22
314,Investment companies,up,5,0.03660,0.00829,22
315,Investment companies,up,6,0.03525,0.00841,22
316,Investment companies,up,7,0.03160,0.00792,22
317,Investment companies,up,8,0.03107,0.00734,22
318,Investment companies,up,9,0.02839,0.00890,22
319,Investment companies,up,10,0.02388,0.00848,22
320,Other shipping,up,-5,0.00032,0.00621,20
321,Other shipping,up,-4,0.00393,0.00519,20
322,Other shipping,up,-3,0.00249,0.00528,20
323,Other shipping,up,-2,0.00069,0.00327,20
324,Other shipping,up,-1,0.00000,0.00000,20
325,Other shipping,up,0,0.00668,0.00329,20
326,Other shipping,up,1,0.00272,0.00393,20
327,Other shipping,up,2,0.00112,0.00483,20
328,Other shipping,up,3,-0.00153,0.00533,20
329,Other shipping,up,4,-0.00270,0.00608,20
330,Other shipping,up,5,-0.00436,0.00648,20
331,Other shipping,up,6,-0.00187,0.00704,20
332,Other shipping,up,7,-0.00203,0.00660,20
333,Other shipping,up,8,-0.00669,0.00749,20
334,Other shipping,up,9,-0.01089,0.00820,20
335,Other shipping,up,10,-0.00618,0.00849,20
336,Other shipping,down,-5,0.00929,0.00604,42
337,Other shipping,down,-4,0.00560,0.00537,42
338,Other shipping,down,-3,0.00475,0.00419,42
339,Other shipping,down,-2,0.00024,0.00270,42
340,Other shipping,down,-1,0.00000,0.00000,42
341,Other shipping,down,0,-0.01486,0.00354,42
342,Other shipping,down,1,-0.01786,0.00567,42
343,Other shipping,down,2,-0.01608,0.00595,42
344,Other shipping,down,3,-0.01574,0.00652,42
345,Other shipping,down,4,-0.01899,0.00841,42
346,Other shipping,down,5,-0.01736,0.00844,42
347,Other shipping,down,6,-0.01827,0.01012,42
348,Other shipping,down,7,-0.01764,0.01042,42
349,Other shipping,down,8,-0.01209,0.00998,42
350,Other shipping,down,9,-0.01682,0.01139,42
351,Other shipping,down,10,-0.01227,0.01207,42
352,OIL,down,-5,0.00945,0.00643,47
353,OIL,down,-4,0.01247,0.00563,47
354,OIL,down,-3,0.00597,0.00491,47
355,OIL,down,-2,0.00475,0.00362,47
356,OIL,down,-1,0.00000,0.00000,47
357,OIL,down,0,-0.07008,0.00554,47
358,OIL,down,1,-0.07318,0.00846,47
359,OIL,down,2,-0.06362,0.00835,47
360,OIL,down,3,-0.05616,0.01124,47
361,OIL,down,4,-0.05162,0.01461,47
362,OIL,down,5,-0.04944,0.01467,47
363,OIL,down,6,-0.04978,0.01510,47
364,OIL,down,7,-0.05338,0.01708,47
365,OIL,down,8,-0.04740,0.01896,47
366,OIL,down,9,-0.05215,0.01687,47
367,OIL,down,10,-0.05991,0.01824,47
368,OIL,up,-5,0.02060,0.01424,22
369,OIL,up,-4,0.01701,0.01196,22
370,OIL,up,-3,0.00894,0.01054,22
371,OIL,up,-2,0.00776,0.00659,22
372,OIL,up,-1,0.00000,0.00000,22
373,OIL,up,0,0.06768,0.00703,22
374,OIL,up,1,0.06702,0.00947,22
375,OIL,up,2,0.08512,0.01240,22
376,OIL,up,3,0.08073,0.01300,22
377,OIL,up,4,0.08929,0.01602,22
378,OIL,up,5,0.08095,0.01755,22
379,OIL,up,6,0.07065,0.01718,22
380,OIL,up,7,0.06680,0.01865,22
381,OIL,up,8,0.07008,0.02256,22
382,OIL,up,9,0.06009,0.02460,22
383,OIL,up,10,0.04292,0.02296,22
