,unit,direction,window,n_events,mean_oil_move,mean_car,t,p,share_positive
0,MARKET,down,pre,47,-0.02096,-0.01353,-2.39912,0.02054,0.40426
1,MARKET,down,impact,47,-0.07318,-0.02464,-4.62032,0.00003,0.14894
2,MARKET,down,drift,47,0.01328,0.00635,1.19098,0.23977,0.61702
3,Exploration & production,down,pre,47,-0.02096,-0.00448,-0.67055,0.50586,0.48936
4,Exploration & production,down,impact,47,-0.07318,-0.03398,-5.38610,0.00000,0.10638
5,Exploration & production,down,drift,47,0.01328,0.01066,0.79230,0.43225,0.46809
6,Oil service & drilling,down,pre,47,-0.02096,-0.02060,-2.88903,0.00588,0.36170
7,Oil service & drilling,down,impact,47,-0.07318,-0.03579,-6.03989,0.00000,0.08511
8,Oil service & drilling,down,drift,47,0.01328,0.00304,0.29703,0.76778,0.48936
9,Tankers & gas shipping,down,pre,47,-0.02096,-0.00654,-1.17302,0.24682,0.44681
10,Tankers & gas shipping,down,impact,47,-0.07318,-0.01629,-3.89999,0.00031,0.29787
11,Tankers & gas shipping,down,drift,47,0.01328,0.00580,0.73158,0.46813,0.51064
12,Seafood,down,pre,47,-0.02096,-0.01103,-2.35431,0.02288,0.31915
13,Seafood,down,impact,47,-0.07318,-0.00801,-2.32742,0.02440,0.34043
14,Seafood,down,drift,47,0.01328,-0.01207,-1.35057,0.18344,0.48936
15,Banks & insurance,down,pre,47,-0.02096,-0.00472,-1.15063,0.25583,0.48936
16,Banks & insurance,down,impact,47,-0.07318,-0.01882,-5.96561,0.00000,0.14894
17,Banks & insurance,down,drift,47,0.01328,-0.00006,-0.00842,0.99332,0.51064
18,Industrials & materials,down,pre,47,-0.02096,-0.00775,-3.58781,0.00081,0.36170
19,Industrials & materials,down,impact,47,-0.07318,-0.01311,-5.78017,0.00000,0.23404
20,Industrials & materials,down,drift,47,0.01328,-0.00085,-0.17120,0.86482,0.51064
21,"Consumer, telecom & real estate",down,pre,47,-0.02096,-0.00557,-1.67316,0.10108,0.46809
22,"Consumer, telecom & real estate",down,impact,47,-0.07318,-0.00654,-2.29566,0.02630,0.40426
23,"Consumer, telecom & real estate",down,drift,47,0.01328,0.00960,1.94590,0.05779,0.72340
24,Technology & renewables,down,pre,47,-0.02096,0.00176,0.33853,0.73650,0.44681
25,Technology & renewables,down,impact,47,-0.07318,-0.01520,-4.18511,0.00013,0.27660
26,Technology & renewables,down,drift,47,0.01328,0.00989,1.22508,0.22678,0.53191
27,Investment companies,down,pre,47,-0.02096,-0.00553,-1.03974,0.30390,0.42553
28,Investment companies,down,impact,47,-0.07318,-0.01781,-5.34482,0.00000,0.17021
29,Investment companies,down,drift,47,0.01328,-0.00360,-0.37470,0.70961,0.51064
30,EQNR.OL,down,pre,47,-0.02096,0.00247,0.43264,0.66730,0.46809
31,EQNR.OL,down,impact,47,-0.07318,-0.01914,-3.93601,0.00028,0.14894
32,EQNR.OL,down,drift,47,0.01328,0.00091,0.11390,0.90981,0.48936
33,DNO.OL,down,pre,47,-0.02096,-0.00860,-0.75482,0.45420,0.38298
34,DNO.OL,down,impact,47,-0.07318,-0.03484,-4.61720,0.00003,0.19149
35,DNO.OL,down,drift,47,0.01328,0.02555,1.40424,0.16696,0.53191
36,SUBC.OL,down,pre,47,-0.02096,-0.01602,-2.37444,0.02180,0.29787
37,SUBC.OL,down,impact,47,-0.07318,-0.03344,-5.99964,0.00000,0.14894
38,SUBC.OL,down,drift,47,0.01328,0.00872,0.77150,0.44436,0.59574
39,TGS.OL,down,pre,47,-0.02096,-0.00116,-0.13901,0.89005,0.40426
40,TGS.OL,down,impact,47,-0.07318,-0.03177,-4.60770,0.00003,0.17021
41,TGS.OL,down,drift,47,0.01328,0.00975,0.86351,0.39234,0.51064
42,AKSO.OL,down,pre,47,-0.02096,-0.01102,-1.17560,0.24580,0.42553
43,AKSO.OL,down,impact,47,-0.07318,-0.04443,-4.95756,0.00001,0.12766
44,AKSO.OL,down,drift,47,0.01328,-0.00359,-0.24154,0.81021,0.46809
45,SOFF.OL,down,pre,47,-0.02096,-0.00921,-0.73996,0.46308,0.48936
46,SOFF.OL,down,impact,47,-0.07318,-0.03035,-3.08564,0.00343,0.27660
47,SOFF.OL,down,drift,47,0.01328,-0.00898,-0.80362,0.42575,0.48936
48,BWO.OL,down,pre,47,-0.02096,-0.03104,-4.09400,0.00017,0.25532
49,BWO.OL,down,impact,47,-0.07318,-0.03095,-3.57428,0.00084,0.21277
50,BWO.OL,down,drift,47,0.01328,-0.00068,-0.04224,0.96649,0.51064
51,FRO.OL,down,pre,47,-0.02096,-0.00323,-0.20058,0.84192,0.40426
52,FRO.OL,down,impact,47,-0.07318,-0.01111,-1.17780,0.24493,0.31915
53,FRO.OL,down,drift,47,0.01328,0.00890,0.51578,0.60848,0.51064
54,ODF.OL,down,pre,47,-0.02096,-0.00526,-0.96664,0.33878,0.44681
55,ODF.OL,down,impact,47,-0.07318,-0.02074,-3.31403,0.00180,0.27660
56,ODF.OL,down,drift,47,0.01328,0.00389,0.30749,0.75986,0.44681
57,SNI.OL,down,pre,47,-0.02096,-0.01579,-2.37164,0.02195,0.38298
58,SNI.OL,down,impact,47,-0.07318,-0.01565,-2.92630,0.00531,0.31915
59,SNI.OL,down,drift,47,0.01328,0.00719,0.89897,0.37335,0.51064
60,WWI.OL,down,pre,47,-0.02096,-0.01649,-2.74067,0.00870,0.38298
61,WWI.OL,down,impact,47,-0.07318,-0.01684,-2.68780,0.00998,0.34043
62,WWI.OL,down,drift,47,0.01328,0.00050,0.04997,0.96037,0.51064
63,MOWI.OL,down,pre,47,-0.02096,-0.01735,-2.44728,0.01827,0.31915
64,MOWI.OL,down,impact,47,-0.07318,-0.00381,-0.69970,0.48764,0.51064
65,MOWI.OL,down,drift,47,0.01328,-0.02176,-1.47220,0.14778,0.44681
66,SALM.OL,down,pre,47,-0.02096,-0.00369,-0.49270,0.62457,0.46809
67,SALM.OL,down,impact,47,-0.07318,-0.00903,-1.71079,0.09386,0.36170
68,SALM.OL,down,drift,47,0.01328,-0.00540,-0.53758,0.59346,0.53191
69,LSG.OL,down,pre,47,-0.02096,0.00009,0.01021,0.99190,0.40426
70,LSG.OL,down,impact,47,-0.07318,-0.00853,-1.98218,0.05345,0.40426
71,LSG.OL,down,drift,47,0.01328,-0.00024,-0.02052,0.98372,0.46809
72,AUSS.OL,down,pre,47,-0.02096,-0.01708,-2.11505,0.03987,0.42553
73,AUSS.OL,down,impact,47,-0.07318,-0.01511,-3.60343,0.00077,0.21277
74,AUSS.OL,down,drift,47,0.01328,-0.01132,-0.95016,0.34700,0.55319
75,GSF.OL,down,pre,47,-0.02096,-0.01552,-1.50933,0.13805,0.44681
76,GSF.OL,down,impact,47,-0.07318,-0.00783,-1.24768,0.21846,0.36170
77,GSF.OL,down,drift,47,0.01328,-0.03553,-2.11447,0.03993,0.46809
78,DNB.OL,down,pre,47,-0.02096,-0.00618,-1.02179,0.31222,0.38298
79,DNB.OL,down,impact,47,-0.07318,-0.02310,-3.82626,0.00039,0.21277
80,DNB.OL,down,drift,47,0.01328,0.00218,0.29344,0.77051,0.55319
81,STB.OL,down,pre,47,-0.02096,-0.01461,-1.80640,0.07740,0.46809
82,STB.OL,down,impact,47,-0.07318,-0.02644,-4.98878,0.00001,0.21277
83,STB.OL,down,drift,47,0.01328,0.00414,0.36887,0.71392,0.51064
84,MING.OL,down,pre,47,-0.02096,-0.00487,-0.81578,0.41883,0.44681
85,MING.OL,down,impact,47,-0.07318,-0.01594,-3.67623,0.00062,0.27660
86,MING.OL,down,drift,47,0.01328,0.00084,0.11530,0.90871,0.55319
87,NONG.OL,down,pre,47,-0.02096,-0.00614,-1.19241,0.23922,0.40426
88,NONG.OL,down,impact,47,-0.07318,-0.01960,-4.40170,0.00006,0.25532
89,NONG.OL,down,drift,47,0.01328,-0.00249,-0.28622,0.77599,0.57447
90,SB1NO.OL,down,pre,47,-0.02096,-0.00234,-0.36692,0.71536,0.44681
91,SB1NO.OL,down,impact,47,-0.07318,-0.02199,-4.90371,0.00001,0.27660
92,SB1NO.OL,down,drift,47,0.01328,0.00376,0.37927,0.70623,0.59574
93,PROT.OL,down,pre,47,-0.02096,-0.00451,-0.53309,0.59654,0.40426
94,PROT.OL,down,impact,47,-0.07318,-0.01281,-2.76547,0.00815,0.27660
95,PROT.OL,down,drift,47,0.01328,-0.01333,-0.87905,0.38394,0.42553
96,NHY.OL,down,pre,47,-0.02096,-0.01489,-2.00521,0.05084,0.31915
97,NHY.OL,down,impact,47,-0.07318,-0.01721,-4.41008,0.00006,0.21277
98,NHY.OL,down,drift,47,0.01328,0.00884,0.87799,0.38451,0.57447
99,YAR.OL,down,pre,47,-0.02096,-0.01942,-2.22017,0.03137,0.42553
100,YAR.OL,down,impact,47,-0.07318,-0.01760,-5.09271,0.00001,0.23404
101,YAR.OL,down,drift,47,0.01328,-0.00647,-0.74982,0.45718,0.46809
102,KOG.OL,down,pre,47,-0.02096,-0.00343,-0.43451,0.66595,0.42553
103,KOG.OL,down,impact,47,-0.07318,-0.00613,-1.05037,0.29904,0.40426
104,KOG.OL,down,drift,47,0.01328,-0.00740,-0.78720,0.43520,0.44681
105,TOM.OL,down,pre,47,-0.02096,0.00799,1.09227,0.28040,0.55319
106,TOM.OL,down,impact,47,-0.07318,-0.00785,-1.30184,0.19945,0.44681
107,TOM.OL,down,drift,47,0.01328,-0.00722,-0.67722,0.50166,0.51064
108,VEI.OL,down,pre,47,-0.02096,0.00268,0.61558,0.54121,0.46809
109,VEI.OL,down,impact,47,-0.07318,-0.00745,-1.68904,0.09798,0.44681
110,VEI.OL,down,drift,47,0.01328,0.00107,0.11724,0.90718,0.55319
111,AFG.OL,down,pre,47,-0.02096,-0.00526,-1.06560,0.29217,0.36170
112,AFG.OL,down,impact,47,-0.07318,-0.01002,-2.40245,0.02038,0.36170
113,AFG.OL,down,drift,47,0.01328,-0.00172,-0.25167,0.80242,0.46809
114,HEX.OL,down,pre,47,-0.02096,-0.01700,-1.63016,0.10990,0.48936
115,HEX.OL,down,impact,47,-0.07318,-0.02377,-3.98243,0.00024,0.19149
116,HEX.OL,down,drift,47,0.01328,0.00099,0.07178,0.94309,0.48936
117,ORK.OL,down,pre,47,-0.02096,0.00377,0.90701,0.36913,0.65957
118,ORK.OL,down,impact,47,-0.07318,-0.00053,-0.14123,0.88831,0.44681
119,ORK.OL,down,drift,47,0.01328,0.00726,1.26903,0.21081,0.57447
120,TEL.OL,down,pre,47,-0.02096,0.00252,0.59220,0.55662,0.55319
121,TEL.OL,down,impact,47,-0.07318,-0.01093,-3.38085,0.00148,0.29787
122,TEL.OL,down,drift,47,0.01328,0.00273,0.34050,0.73503,0.61702
123,NAS.OL,down,pre,47,-0.02096,-0.03183,-2.16479,0.03563,0.44681
124,NAS.OL,down,impact,47,-0.07318,-0.00781,-0.89393,0.37601,0.55319
125,NAS.OL,down,drift,47,0.01328,0.01348,0.78836,0.43453,0.65957
126,NOD.OL,down,pre,47,-0.02096,0.01341,1.27503,0.20870,0.57447
127,NOD.OL,down,impact,47,-0.07318,-0.02113,-2.51113,0.01561,0.36170
128,NOD.OL,down,drift,47,0.01328,0.01684,1.97777,0.05396,0.70213
129,ATEA.OL,down,pre,47,-0.02096,0.00707,1.26513,0.21220,0.46809
130,ATEA.OL,down,impact,47,-0.07318,-0.01288,-3.05862,0.00370,0.25532
131,ATEA.OL,down,drift,47,0.01328,0.00136,0.16132,0.87255,0.55319
132,BOUV.OL,down,pre,47,-0.02096,-0.00219,-0.41402,0.68078,0.38298
133,BOUV.OL,down,impact,47,-0.07318,-0.00563,-1.71455,0.09316,0.36170
134,BOUV.OL,down,drift,47,0.01328,-0.00766,-0.76673,0.44716,0.44681
135,AKER.OL,down,pre,47,-0.02096,-0.00575,-0.88067,0.38307,0.55319
136,AKER.OL,down,impact,47,-0.07318,-0.03031,-7.13454,0.00000,0.12766
137,AKER.OL,down,drift,47,0.01328,-0.00493,-0.36517,0.71666,0.44681
138,BONHR.OL,down,pre,47,-0.02096,-0.00565,-0.80111,0.42718,0.38298
139,BONHR.OL,down,impact,47,-0.07318,-0.00571,-1.22071,0.22842,0.38298
140,BONHR.OL,down,drift,47,0.01328,-0.00308,-0.32864,0.74392,0.51064
141,MARKET,up,pre,22,-0.02652,-0.00272,-0.36180,0.72112,0.54545
142,MARKET,up,impact,22,0.06702,0.01614,2.67792,0.01408,0.81818
143,MARKET,up,drift,22,-0.02410,-0.00622,-0.88935,0.38389,0.45455
144,Exploration & production,up,pre,22,-0.02652,-0.02051,-1.21895,0.23638,0.54545
145,Exploration & production,up,impact,22,0.06702,0.03898,5.93513,0.00001,0.90909
146,Exploration & production,up,drift,22,-0.02410,-0.02499,-1.80543,0.08537,0.36364
147,Oil service & drilling,up,pre,22,-0.02652,-0.01904,-1.49682,0.14932,0.50000
148,Oil service & drilling,up,impact,22,0.06702,0.03465,3.61241,0.00163,0.72727
149,Oil service & drilling,up,drift,22,-0.02410,-0.02334,-2.22296,0.03733,0.31818
150,Tankers & gas shipping,up,pre,22,-0.02652,0.00815,0.77168,0.44890,0.63636
151,Tankers & gas shipping,up,impact,22,0.06702,0.01247,2.03046,0.05517,0.77273
152,Tankers & gas shipping,up,drift,22,-0.02410,0.01443,0.83056,0.41557,0.54545
153,Seafood,up,pre,22,-0.02652,0.00141,0.15576,0.87771,0.45455
154,Seafood,up,impact,22,0.06702,0.00705,0.86945,0.39443,0.50000
155,Seafood,up,drift,22,-0.02410,0.00236,0.24618,0.80793,0.45455
156,Banks & insurance,up,pre,22,-0.02652,-0.00080,-0.15193,0.88069,0.40909
157,Banks & insurance,up,impact,22,0.06702,0.00558,1.31502,0.20268,0.54545
158,Banks & insurance,up,drift,22,-0.02410,-0.00088,-0.13720,0.89218,0.40909
159,Industrials & materials,up,pre,22,-0.02652,0.00272,0.57007,0.57468,0.63636
160,Industrials & materials,up,impact,22,0.06702,0.00761,1.97023,0.06214,0.63636
161,Industrials & materials,up,drift,22,-0.02410,-0.00005,-0.01108,0.99126,0.45455
162,"Consumer, telecom & real estate",up,pre,22,-0.02652,-0.00361,-0.54354,0.59248,0.40909
163,"Consumer, telecom & real estate",up,impact,22,0.06702,0.00026,0.05527,0.95644,0.36364
164,"Consumer, telecom & real estate",up,drift,22,-0.02410,0.00419,0.50105,0.62155,0.50000
165,Technology & renewables,up,pre,22,-0.02652,-0.00396,-0.42278,0.67675,0.40909
166,Technology & renewables,up,impact,22,0.06702,0.00191,0.37598,0.71071,0.50000
167,Technology & renewables,up,drift,22,-0.02410,0.00372,0.62573,0.53823,0.50000
168,Investment companies,up,pre,22,-0.02652,-0.00903,-1.30533,0.20590,0.36364
169,Investment companies,up,impact,22,0.06702,0.02587,4.60246,0.00015,0.86364
170,Investment companies,up,drift,22,-0.02410,-0.00199,-0.28151,0.78108,0.36364
171,EQNR.OL,up,pre,22,-0.02652,-0.00360,-0.26996,0.78983,0.59091
172,EQNR.OL,up,impact,22,0.06702,0.04241,5.81101,0.00001,0.81818
173,EQNR.OL,up,drift,22,-0.02410,-0.00281,-0.25295,0.80277,0.50000
174,DNO.OL,up,pre,22,-0.02652,-0.04127,-1.77678,0.09009,0.45455
175,DNO.OL,up,impact,22,0.06702,0.03658,2.96980,0.00731,0.81818
176,DNO.OL,up,drift,22,-0.02410,-0.03709,-1.90919,0.07000,0.31818
177,SUBC.OL,up,pre,22,-0.02652,-0.01499,-1.08395,0.29068,0.36364
178,SUBC.OL,up,impact,22,0.06702,0.04287,3.21835,0.00412,0.77273
179,SUBC.OL,up,drift,22,-0.02410,-0.02138,-2.14622,0.04370,0.40909
180,TGS.OL,up,pre,22,-0.02652,-0.02324,-1.09107,0.28761,0.45455
181,TGS.OL,up,impact,22,0.06702,0.03680,3.62427,0.00159,0.81818
182,TGS.OL,up,drift,22,-0.02410,0.00108,0.08996,0.92917,0.54545
183,AKSO.OL,up,pre,22,-0.02652,0.01226,0.95004,0.35290,0.59091
184,AKSO.OL,up,impact,22,0.06702,0.03871,3.52589,0.00201,0.77273
185,AKSO.OL,up,drift,22,-0.02410,-0.02866,-1.50217,0.14794,0.40909
186,SOFF.OL,up,pre,22,-0.02652,-0.01469,-0.76418,0.45326,0.40909
187,SOFF.OL,up,impact,22,0.06702,0.03166,2.24436,0.03571,0.68182
188,SOFF.OL,up,drift,22,-0.02410,-0.02979,-1.50314,0.14769,0.36364
189,BWO.OL,up,pre,22,-0.02652,-0.03455,-2.14962,0.04339,0.27273
190,BWO.OL,up,impact,22,0.06702,0.02553,1.63199,0.11759,0.72727
191,BWO.OL,up,drift,22,-0.02410,-0.02354,-1.17960,0.25135,0.31818
192,FRO.OL,up,pre,22,-0.02652,0.03263,1.46990,0.15641,0.54545
193,FRO.OL,up,impact,22,0.06702,0.00945,0.79786,0.43388,0.59091
194,FRO.OL,up,drift,22,-0.02410,0.03959,0.93083,0.36252,0.45455
195,ODF.OL,up,pre,22,-0.02652,0.00991,0.79371,0.43624,0.59091
196,ODF.OL,up,impact,22,0.06702,0.00408,0.56982,0.57485,0.45455
197,ODF.OL,up,drift,22,-0.02410,-0.00093,-0.05533,0.95640,0.40909
198,SNI.OL,up,pre,22,-0.02652,-0.01389,-1.32995,0.19780,0.40909
199,SNI.OL,up,impact,22,0.06702,0.01124,1.51103,0.14568,0.63636
200,SNI.OL,up,drift,22,-0.02410,0.00484,0.30622,0.76245,0.50000
201,WWI.OL,up,pre,22,-0.02652,0.00715,0.90411,0.37619,0.50000
202,WWI.OL,up,impact,22,0.06702,-0.00129,-0.28576,0.77786,0.40909
203,WWI.OL,up,drift,22,-0.02410,-0.00422,-0.50783,0.61687,0.27273
204,MOWI.OL,up,pre,22,-0.02652,0.01641,0.96504,0.34551,0.68182
205,MOWI.OL,up,impact,22,0.06702,0.00570,0.70306,0.48974,0.63636
206,MOWI.OL,up,drift,22,-0.02410,0.01966,2.14108,0.04416,0.68182
207,SALM.OL,up,pre,22,-0.02652,0.00292,0.34483,0.73365,0.68182
208,SALM.OL,up,impact,22,0.06702,0.00760,0.92326,0.36636,0.59091
209,SALM.OL,up,drift,22,-0.02410,-0.00017,-0.01170,0.99078,0.50000
210,LSG.OL,up,pre,22,-0.02652,-0.00189,-0.18368,0.85602,0.45455
211,LSG.OL,up,impact,22,0.06702,0.00373,0.43020,0.67143,0.50000
212,LSG.OL,up,drift,22,-0.02410,-0.00880,-0.61345,0.54617,0.50000
213,AUSS.OL,up,pre,22,-0.02652,0.00497,0.48619,0.63187,0.40909
214,AUSS.OL,up,impact,22,0.06702,0.01271,1.47217,0.15580,0.63636
215,AUSS.OL,up,drift,22,-0.02410,0.00708,0.79669,0.43454,0.54545
216,GSF.OL,up,pre,22,-0.02652,-0.00999,-1.02795,0.31567,0.31818
217,GSF.OL,up,impact,22,0.06702,0.00175,0.15065,0.88169,0.45455
218,GSF.OL,up,drift,22,-0.02410,0.00143,0.07304,0.94246,0.50000
219,DNB.OL,up,pre,22,-0.02652,-0.01623,-2.00269,0.05829,0.31818
220,DNB.OL,up,impact,22,0.06702,0.01036,2.05293,0.05275,0.63636
221,DNB.OL,up,drift,22,-0.02410,-0.01708,-0.84254,0.40898,0.59091
222,STB.OL,up,pre,22,-0.02652,-0.00014,-0.00967,0.99238,0.54545
223,STB.OL,up,impact,22,0.06702,0.00764,1.38935,0.17928,0.54545
224,STB.OL,up,drift,22,-0.02410,0.00940,0.53526,0.59809,0.54545
225,MING.OL,up,pre,22,-0.02652,0.00159,0.24414,0.80949,0.54545
226,MING.OL,up,impact,22,0.06702,0.00745,1.23501,0.23047,0.54545
227,MING.OL,up,drift,22,-0.02410,-0.01581,-1.83399,0.08087,0.40909
228,NONG.OL,up,pre,22,-0.02652,-0.00065,-0.08332,0.93439,0.50000
229,NONG.OL,up,impact,22,0.06702,0.00294,0.66032,0.51623,0.50000
230,NONG.OL,up,drift,22,-0.02410,0.01760,1.84686,0.07891,0.68182
231,SB1NO.OL,up,pre,22,-0.02652,-0.00002,-0.00297,0.99766,0.45455
232,SB1NO.OL,up,impact,22,0.06702,0.00469,0.82910,0.41637,0.54545
233,SB1NO.OL,up,drift,22,-0.02410,-0.00525,-0.70558,0.48820,0.54545
234,PROT.OL,up,pre,22,-0.02652,0.00919,1.22630,0.23366,0.50000
235,PROT.OL,up,impact,22,0.06702,0.00452,0.41442,0.68277,0.45455
236,PROT.OL,up,drift,22,-0.02410,0.00126,0.09682,0.92379,0.50000
237,NHY.OL,up,pre,22,-0.02652,-0.00112,-0.09381,0.92615,0.54545
238,NHY.OL,up,impact,22,0.06702,0.01419,2.17526,0.04118,0.72727
239,NHY.OL,up,drift,22,-0.02410,-0.01101,-1.03610,0.31194,0.45455
240,YAR.OL,up,pre,22,-0.02652,-0.00041,-0.03232,0.97452,0.45455
241,YAR.OL,up,impact,22,0.06702,0.02250,3.00642,0.00672,0.81818
242,YAR.OL,up,drift,22,-0.02410,0.00750,0.58695,0.56349,0.54545
243,KOG.OL,up,pre,22,-0.02652,0.01454,1.31765,0.20182,0.54545
244,KOG.OL,up,impact,22,0.06702,0.00039,0.07587,0.94024,0.63636
245,KOG.OL,up,drift,22,-0.02410,-0.00377,-0.35220,0.72820,0.54545
246,TOM.OL,up,pre,22,-0.02652,0.00257,0.28218,0.78057,0.50000
247,TOM.OL,up,impact,22,0.06702,0.00072,0.09433,0.92574,0.50000
248,TOM.OL,up,drift,22,-0.02410,0.00650,0.52319,0.60632,0.45455
249,VEI.OL,up,pre,22,-0.02652,0.00677,1.07503,0.29456,0.63636
250,VEI.OL,up,impact,22,0.06702,0.00207,0.41180,0.68466,0.40909
251,VEI.OL,up,drift,22,-0.02410,0.01277,1.24291,0.22760,0.59091
252,AFG.OL,up,pre,22,-0.02652,0.00518,0.76384,0.45346,0.54545
253,AFG.OL,up,impact,22,0.06702,0.00804,1.27918,0.21479,0.54545
254,AFG.OL,up,drift,22,-0.02410,-0.00822,-1.36786,0.18582,0.27273
255,HEX.OL,up,pre,22,-0.02652,-0.00429,-0.27613,0.78515,0.45455
256,HEX.OL,up,impact,22,0.06702,0.00748,0.77442,0.44731,0.59091
257,HEX.OL,up,drift,22,-0.02410,0.00968,0.46483,0.64684,0.54545
258,ORK.OL,up,pre,22,-0.02652,-0.00550,-0.81516,0.42413,0.40909
259,ORK.OL,up,impact,22,0.06702,0.00100,0.16459,0.87084,0.45455
260,ORK.OL,up,drift,22,-0.02410,-0.00219,-0.36196,0.72100,0.45455
261,TEL.OL,up,pre,22,-0.02652,0.00066,0.10477,0.91755,0.59091
262,TEL.OL,up,impact,22,0.06702,-0.00072,-0.15703,0.87672,0.45455
263,TEL.OL,up,drift,22,-0.02410,-0.00330,-0.34213,0.73566,0.40909
264,NAS.OL,up,pre,22,-0.02652,-0.01116,-0.54350,0.59251,0.40909
265,NAS.OL,up,impact,22,0.06702,-0.00868,-0.85412,0.40268,0.36364
266,NAS.OL,up,drift,22,-0.02410,0.01875,0.82774,0.41712,0.54545
267,NOD.OL,up,pre,22,-0.02652,-0.01927,-1.03584,0.31206,0.54545
268,NOD.OL,up,impact,22,0.06702,-0.01415,-1.04701,0.30700,0.40909
269,NOD.OL,up,drift,22,-0.02410,-0.00848,-0.47972,0.63638,0.40909
270,ATEA.OL,up,pre,22,-0.02652,-0.00923,-1.17738,0.25222,0.54545
271,ATEA.OL,up,impact,22,0.06702,0.01199,2.18394,0.04045,0.63636
272,ATEA.OL,up,drift,22,-0.02410,-0.00371,-0.45946,0.65062,0.50000
273,BOUV.OL,up,pre,22,-0.02652,-0.00166,-0.25076,0.80444,0.36364
274,BOUV.OL,up,impact,22,0.06702,0.00424,0.92253,0.36673,0.59091
275,BOUV.OL,up,drift,22,-0.02410,0.00491,0.47270,0.64131,0.59091
276,AKER.OL,up,pre,22,-0.02652,-0.00333,-0.39851,0.69428,0.45455
277,AKER.OL,up,impact,22,0.06702,0.03468,5.60472,0.00001,0.90909
278,AKER.OL,up,drift,22,-0.02410,-0.01690,-1.49645,0.14942,0.31818
279,BONHR.OL,up,pre,22,-0.02652,-0.01507,-1.45340,0.16089,0.40909
280,BONHR.OL,up,impact,22,0.06702,0.01691,2.58154,0.01740,0.77273
281,BONHR.OL,up,drift,22,-0.02410,0.01208,0.95253,0.35166,0.45455
282,AKRBP.OL,down,pre,43,-0.01337,-0.00625,-0.65753,0.51443,0.46512
283,AKRBP.OL,down,impact,43,-0.07618,-0.03908,-4.45461,0.00006,0.16279
284,AKRBP.OL,down,drift,43,0.02639,0.00799,0.39864,0.69218,0.46512
285,Other shipping,up,pre,20,-0.01047,0.00243,0.35223,0.72854,0.60000
286,Other shipping,up,impact,20,0.06093,0.00272,0.69351,0.49638,0.60000
287,Other shipping,up,drift,20,-0.01863,-0.00890,-1.01094,0.32475,0.40000
288,AKRBP.OL,up,pre,20,-0.01047,0.00160,0.10055,0.92096,0.60000
289,AKRBP.OL,up,impact,20,0.06093,0.03994,4.35430,0.00034,0.90000
290,AKRBP.OL,up,drift,20,-0.01863,-0.01937,-1.44245,0.16546,0.35000
291,PEN.OL,up,pre,20,-0.01047,-0.00717,-0.49055,0.62936,0.45000
292,PEN.OL,up,impact,20,0.06093,0.03449,4.45646,0.00027,0.85000
293,PEN.OL,up,drift,20,-0.01863,-0.04550,-2.15261,0.04441,0.35000
294,WAWI.OL,up,pre,20,-0.01047,0.00519,0.46185,0.64943,0.55000
295,WAWI.OL,up,impact,20,0.06093,0.00275,0.53237,0.60064,0.55000
296,WAWI.OL,up,drift,20,-0.01863,-0.00660,-0.49990,0.62288,0.40000
297,BAKKA.OL,up,pre,20,-0.01047,-0.00438,-0.42774,0.67365,0.50000
298,BAKKA.OL,up,impact,20,0.06093,0.00965,2.12025,0.04737,0.70000
299,BAKKA.OL,up,drift,20,-0.01863,0.00447,0.41515,0.68268,0.40000
300,Other shipping,down,pre,42,-0.01426,-0.01073,-1.69847,0.09700,0.40476
301,Other shipping,down,impact,42,-0.07542,-0.01786,-3.14927,0.00305,0.26190
302,Other shipping,down,drift,42,0.02958,0.00558,0.49769,0.62136,0.47619
303,PEN.OL,down,pre,42,-0.01426,-0.01580,-1.57224,0.12358,0.35714
304,PEN.OL,down,impact,42,-0.07542,-0.05159,-3.91314,0.00034,0.16667
305,PEN.OL,down,drift,42,0.02958,0.00833,0.41610,0.67951,0.52381
306,WAWI.OL,down,pre,42,-0.01426,-0.02005,-3.01250,0.00443,0.38095
307,WAWI.OL,down,impact,42,-0.07542,-0.01292,-2.37260,0.02244,0.30952
308,WAWI.OL,down,drift,42,0.02958,0.00599,0.34259,0.73366,0.52381
309,BAKKA.OL,down,pre,42,-0.01426,-0.01284,-1.78496,0.08167,0.35714
310,BAKKA.OL,down,impact,42,-0.07542,-0.00143,-0.28089,0.78021,0.45238
311,BAKKA.OL,down,drift,42,0.02958,0.00139,0.15247,0.87956,0.64286
312,ARCH.OL,down,pre,39,-0.01359,0.00006,0.00414,0.99672,0.53846
313,ARCH.OL,down,impact,39,-0.07571,-0.04732,-6.14186,0.00000,0.15385
314,ARCH.OL,down,drift,39,0.02728,0.01816,1.00946,0.31914,0.43590
315,GJF.OL,down,pre,39,-0.01359,0.00800,1.65296,0.10658,0.66667
316,GJF.OL,down,impact,39,-0.07571,-0.00932,-4.17446,0.00017,0.20513
317,GJF.OL,down,drift,39,0.02728,0.00141,0.23720,0.81377,0.56410
318,ARCH.OL,up,pre,19,-0.01238,-0.01493,-0.81785,0.42414,0.47368
319,ARCH.OL,up,impact,19,0.06143,0.01770,1.06818,0.29955,0.57895
320,ARCH.OL,up,drift,19,-0.02173,-0.03550,-1.36849,0.18800,0.36842
321,GJF.OL,up,pre,19,-0.01238,-0.00435,-0.98921,0.33567,0.42105
322,GJF.OL,up,impact,19,0.06143,-0.00186,-0.37463,0.71231,0.52632
323,GJF.OL,up,drift,19,-0.02173,0.00439,0.69001,0.49899,0.47368
324,BRG.OL,down,pre,34,-0.01540,-0.00441,-0.58052,0.56551,0.47059
325,BRG.OL,down,impact,34,-0.07929,0.00012,0.02407,0.98095,0.50000
326,BRG.OL,down,drift,34,0.02767,-0.00703,-0.60640,0.54840,0.44118
327,BRG.OL,up,pre,18,-0.01438,-0.00271,-0.38272,0.70667,0.55556
328,BRG.OL,up,impact,18,0.06132,-0.00703,-1.76524,0.09548,0.33333
329,BRG.OL,up,drift,18,-0.02638,-0.01396,-1.16221,0.26121,0.38889
330,ODL.OL,up,pre,17,-0.01499,-0.00663,-0.37399,0.71332,0.58824
331,ODL.OL,up,impact,17,0.06188,0.02162,1.89770,0.07593,0.82353
332,ODL.OL,up,drift,17,-0.02529,-0.04361,-1.93740,0.07056,0.23529
333,ODL.OL,down,pre,32,-0.01753,-0.03090,-2.70494,0.01100,0.31250
334,ODL.OL,down,impact,32,-0.08143,-0.03624,-2.82889,0.00812,0.25000
335,ODL.OL,down,drift,32,0.02730,-0.00846,-0.34668,0.73117,0.40625
336,BWLPG.OL,down,pre,32,-0.01753,-0.01559,-1.24127,0.22382,0.40625
337,BWLPG.OL,down,impact,32,-0.08143,-0.02753,-3.23363,0.00290,0.21875
338,BWLPG.OL,down,drift,32,0.02730,-0.00172,-0.12872,0.89841,0.46875
339,BWLPG.OL,up,pre,16,-0.01657,0.00738,0.53878,0.59794,0.62500
340,BWLPG.OL,up,impact,16,0.06381,0.01182,1.06560,0.30346,0.62500
341,BWLPG.OL,up,drift,16,-0.02676,0.00242,0.07663,0.93993,0.56250
342,ENTRA.OL,down,pre,27,-0.01390,-0.00637,-1.20006,0.24094,0.44444
343,ENTRA.OL,down,impact,27,-0.08861,-0.00272,-0.49039,0.62797,0.40741
344,ENTRA.OL,down,drift,27,0.03131,0.00021,0.01706,0.98652,0.51852
345,NEL.OL,down,pre,27,-0.01390,-0.00526,-0.23413,0.81672,0.48148
346,NEL.OL,down,impact,27,-0.08861,-0.00804,-0.74240,0.46450,0.33333
347,NEL.OL,down,drift,27,0.03131,0.02405,0.81618,0.42181,0.48148
348,SCATC.OL,down,pre,27,-0.01390,-0.00080,-0.06431,0.94921,0.44444
349,SCATC.OL,down,impact,27,-0.08861,-0.02085,-2.56364,0.01649,0.37037
350,SCATC.OL,down,drift,27,0.03131,0.02009,1.15135,0.26007,0.59259
351,EPR.OL,down,pre,25,-0.01126,-0.00865,-1.09339,0.28507,0.44000
352,EPR.OL,down,impact,25,-0.09016,-0.00130,-0.30675,0.76168,0.44000
353,EPR.OL,down,drift,25,0.02851,0.01681,1.12407,0.27210,0.60000
354,EPR.OL,up,pre,11,-0.00454,-0.01223,-0.73498,0.47923,0.54545
355,EPR.OL,up,impact,11,0.07535,0.00138,0.27016,0.79253,0.54545
356,EPR.OL,up,drift,11,-0.01093,-0.01113,-0.54290,0.59909,0.63636
357,KID.OL,up,pre,11,-0.00454,0.00668,0.66508,0.52104,0.45455
358,KID.OL,up,impact,11,0.07535,0.00067,0.08935,0.93056,0.27273
359,KID.OL,up,drift,11,-0.01093,-0.00660,-0.78437,0.45100,0.63636
360,ENTRA.OL,up,pre,11,-0.00454,-0.01657,-2.05521,0.06692,0.27273
361,ENTRA.OL,up,impact,11,0.07535,-0.00242,-0.35809,0.72772,0.54545
362,ENTRA.OL,up,drift,11,-0.01093,-0.00828,-0.49818,0.62913,0.36364
363,NEL.OL,up,pre,11,-0.00454,-0.02746,-0.94274,0.36803,0.27273
364,NEL.OL,up,impact,11,0.07535,0.01319,1.21416,0.25258,0.54545
365,NEL.OL,up,drift,11,-0.01093,0.03532,1.27657,0.23060,0.63636
366,SCATC.OL,up,pre,11,-0.00454,0.01458,0.76461,0.46216,0.54545
367,SCATC.OL,up,impact,11,0.07535,-0.01017,-1.14395,0.27929,0.45455
368,SCATC.OL,up,drift,11,-0.01093,0.01371,0.61422,0.55279,0.36364
369,BORR.OL,down,pre,18,-0.02056,-0.14253,-2.30046,0.03436,0.27778
370,BORR.OL,down,impact,18,-0.09425,-0.06247,-3.72478,0.00168,0.16667
371,BORR.OL,down,drift,18,0.01629,-0.03015,-0.54690,0.59155,0.27778
372,MPCC.OL,down,pre,23,-0.00649,0.01242,0.69722,0.49296,0.52174
373,MPCC.OL,down,impact,23,-0.09059,-0.03064,-2.03279,0.05432,0.34783
374,MPCC.OL,down,drift,23,0.01926,-0.00965,-0.49798,0.62344,0.30435
375,KID.OL,down,pre,23,-0.00649,-0.00559,-0.59296,0.55926,0.52174
376,KID.OL,down,impact,23,-0.09059,-0.00696,-0.85996,0.39909,0.39130
377,KID.OL,down,drift,23,0.01926,0.00371,0.17251,0.86461,0.56522
378,ELK.OL,down,pre,22,-0.00769,-0.02713,-3.01142,0.00665,0.22727
379,ELK.OL,down,impact,22,-0.09209,-0.02954,-2.39932,0.02579,0.27273
380,ELK.OL,down,drift,22,0.02046,0.01649,0.76618,0.45210,0.40909
381,BORR.OL,up,pre,6,-0.02366,-0.04080,-0.89990,0.40942,0.33333
382,BORR.OL,up,impact,6,0.06890,0.07779,2.11015,0.08860,1.00000
383,BORR.OL,up,drift,6,-0.05276,-0.03509,-0.61900,0.56303,0.50000
384,MPCC.OL,up,pre,10,0.00030,-0.00822,-0.39746,0.70029,0.50000
385,MPCC.OL,up,impact,10,0.07445,0.01358,1.13679,0.28499,0.70000
386,MPCC.OL,up,drift,10,-0.01861,-0.02538,-1.70816,0.12178,0.30000
387,ELK.OL,up,pre,10,0.00030,0.00792,0.43368,0.67473,0.40000
388,ELK.OL,up,impact,10,0.07445,0.01137,1.10673,0.29711,0.70000
389,ELK.OL,up,drift,10,-0.01861,-0.02863,-1.36646,0.20496,0.30000
390,OET.OL,down,pre,19,-0.00343,-0.00585,-0.41430,0.68355,0.47368
391,OET.OL,down,impact,19,-0.09783,0.00525,0.44538,0.66135,0.52632
392,OET.OL,down,drift,19,0.02559,-0.01948,-0.94564,0.35685,0.42105
393,OET.OL,up,pre,9,0.00050,0.01283,0.86132,0.41413,0.66667
394,OET.OL,up,impact,9,0.07652,0.02286,3.06897,0.01537,0.88889
395,OET.OL,up,drift,9,-0.00975,-0.02212,-0.67069,0.52131,0.33333
396,OKEA.OL,down,pre,17,-0.00546,-0.00534,-0.33136,0.74467,0.47059
397,OKEA.OL,down,impact,17,-0.10436,-0.04821,-3.98085,0.00107,0.11765
398,OKEA.OL,down,drift,17,0.03794,-0.00860,-0.27034,0.79035,0.52941
399,BWE.OL,down,pre,13,0.02477,-0.01165,-0.86978,0.40148,0.38462
400,BWE.OL,down,impact,13,-0.07730,-0.03912,-7.22418,0.00001,0.00000
401,BWE.OL,down,drift,13,0.01842,-0.00313,-0.24228,0.81265,0.53846
402,HAFNI.OL,down,pre,13,0.02477,0.00071,0.06214,0.95147,0.53846
403,HAFNI.OL,down,impact,13,-0.07730,-0.02870,-2.29447,0.04060,0.15385
404,HAFNI.OL,down,drift,13,0.01842,0.03077,2.11250,0.05628,0.76923
405,SATS.OL,down,pre,13,0.02477,-0.02244,-1.52379,0.15347,0.23077
406,SATS.OL,down,impact,13,-0.07730,0.00118,0.08846,0.93097,0.38462
407,SATS.OL,down,drift,13,0.01842,-0.00714,-0.34079,0.73915,0.46154
408,OKEA.OL,up,pre,8,0.00327,0.01795,1.00901,0.34657,0.75000
409,OKEA.OL,up,impact,8,0.07741,0.03400,3.71899,0.00747,0.87500
410,OKEA.OL,up,drift,8,-0.00344,0.02600,0.70143,0.50568,0.62500
411,BWE.OL,up,pre,8,0.00327,-0.01620,-0.74186,0.48231,0.50000
412,BWE.OL,up,impact,8,0.07741,0.04231,6.19273,0.00045,1.00000
413,BWE.OL,up,drift,8,-0.00344,-0.02987,-1.73842,0.12570,0.25000
414,HAFNI.OL,up,pre,8,0.00327,0.03606,4.89381,0.00177,1.00000
415,HAFNI.OL,up,impact,8,0.07741,0.02848,3.00089,0.01992,1.00000
416,HAFNI.OL,up,drift,8,-0.00344,-0.01962,-0.58925,0.57421,0.37500
417,SATS.OL,up,pre,8,0.00327,-0.01537,-1.34410,0.22084,0.37500
418,SATS.OL,up,impact,8,0.07741,-0.00036,-0.05799,0.95538,0.37500
419,SATS.OL,up,drift,8,-0.00344,-0.01256,-0.75315,0.47592,0.50000
420,HAUTO.OL,down,pre,11,0.02945,-0.00889,-0.35087,0.73297,0.36364
421,HAUTO.OL,down,impact,11,-0.07566,-0.01358,-1.44616,0.17874,0.36364
422,HAUTO.OL,down,drift,11,0.01516,0.05774,1.93836,0.08130,0.54545
423,AUTO.OL,down,pre,11,0.02945,-0.02080,-0.83512,0.42315,0.54545
424,AUTO.OL,down,impact,11,-0.07566,-0.00378,-0.14927,0.88431,0.36364
425,AUTO.OL,down,drift,11,0.01516,-0.02103,-0.64963,0.53057,0.36364
426,VAR.OL,down,pre,9,0.03037,0.03310,1.98093,0.08293,0.77778
427,VAR.OL,down,impact,9,-0.07102,-0.03232,-4.86681,0.00124,0.00000
428,VAR.OL,down,drift,9,0.01759,-0.00105,-0.05231,0.95957,0.44444
429,DOFG.OL,down,pre,8,0.03146,-0.01378,-1.46461,0.18644,0.37500
430,DOFG.OL,down,impact,8,-0.07400,-0.00792,-0.66861,0.52517,0.50000
431,DOFG.OL,down,drift,8,0.02155,-0.01854,-1.13943,0.29201,0.25000
432,VAR.OL,up,pre,5,0.03019,0.03343,10.87321,0.00041,1.00000
433,VAR.OL,up,impact,5,0.07715,0.04151,2.52918,0.06472,1.00000
434,VAR.OL,up,drift,5,0.01663,0.01346,0.62514,0.56577,0.60000
435,DOFG.OL,up,pre,5,0.03019,-0.00292,-0.14233,0.89370,0.60000
436,DOFG.OL,up,impact,5,0.07715,0.01094,0.77809,0.47997,0.80000
437,DOFG.OL,up,drift,5,0.01663,-0.00465,-0.19811,0.85262,0.20000
438,HAUTO.OL,up,pre,5,0.03019,0.01451,0.61764,0.57024,0.60000
439,HAUTO.OL,up,impact,5,0.07715,0.02393,1.24072,0.28251,0.60000
440,HAUTO.OL,up,drift,5,0.01663,-0.05615,-2.32739,0.08048,0.00000
441,AUTO.OL,up,pre,5,0.03019,-0.03522,-0.92424,0.40767,0.40000
442,AUTO.OL,up,impact,5,0.07715,-0.00989,-0.51950,0.63083,0.40000
443,AUTO.OL,up,drift,5,0.01663,0.06012,1.43868,0.22364,0.80000
