,date,krone_oil_beta,lo,hi,nobs
0,2009-07-31,-0.21990,-0.29053,-0.14926,97
1,2009-08-07,-0.22056,-0.29189,-0.14923,97
2,2009-08-14,-0.22024,-0.29156,-0.14893,97
3,2009-08-21,-0.22069,-0.29197,-0.14940,97
4,2009-08-28,-0.22118,-0.29255,-0.14981,97
5,2009-09-04,-0.21746,-0.28732,-0.14760,97
6,2009-09-11,-0.21720,-0.28692,-0.14748,97
7,2009-09-18,-0.21646,-0.28585,-0.14707,97
8,2009-09-25,-0.21024,-0.27878,-0.14170,97
9,2009-10-02,-0.20918,-0.27769,-0.14066,97
10,2009-10-09,-0.21107,-0.27957,-0.14256,97
11,2009-10-16,-0.20777,-0.27536,-0.14018,97
12,2009-10-23,-0.20969,-0.27769,-0.14168,97
13,2009-10-30,-0.21288,-0.28080,-0.14496,97
14,2009-11-06,-0.21269,-0.28055,-0.14483,97
15,2009-11-13,-0.21184,-0.27984,-0.14384,97
16,2009-11-20,-0.21086,-0.27882,-0.14289,97
17,2009-11-27,-0.20900,-0.27805,-0.13995,97
18,2009-12-04,-0.20875,-0.27767,-0.13983,97
19,2009-12-11,-0.21007,-0.27825,-0.14190,97
20,2009-12-18,-0.20928,-0.27734,-0.14122,97
21,2009-12-25,-0.20808,-0.27587,-0.14028,97
22,2010-01-01,-0.20749,-0.27522,-0.13975,97
23,2010-01-08,-0.21237,-0.28084,-0.14390,97
24,2010-01-15,-0.21008,-0.27809,-0.14206,97
25,2010-01-22,-0.21171,-0.27928,-0.14414,97
26,2010-01-29,-0.21273,-0.28024,-0.14523,97
27,2010-02-05,-0.21455,-0.28235,-0.14674,97
28,2010-02-12,-0.21356,-0.28088,-0.14625,97
29,2010-02-19,-0.20958,-0.27592,-0.14323,97
30,2010-02-26,-0.20869,-0.27497,-0.14242,97
31,2010-03-05,-0.20800,-0.27412,-0.14188,97
32,2010-03-12,-0.20766,-0.27394,-0.14138,97
33,2010-03-19,-0.20714,-0.27381,-0.14046,97
34,2010-03-26,-0.20668,-0.27317,-0.14018,97
35,2010-04-02,-0.20740,-0.27382,-0.14098,97
36,2010-04-09,-0.20746,-0.27398,-0.14094,97
37,2010-04-16,-0.20843,-0.27520,-0.14165,97
38,2010-04-23,-0.20955,-0.27646,-0.14264,97
39,2010-04-30,-0.20960,-0.27655,-0.14266,97
40,2010-05-07,-0.21790,-0.28590,-0.14991,97
41,2010-05-14,-0.21781,-0.28569,-0.14993,97
42,2010-05-21,-0.22095,-0.28930,-0.15260,97
43,2010-05-28,-0.21908,-0.28696,-0.15120,97
44,2010-06-04,-0.21909,-0.28754,-0.15065,97
45,2010-06-11,-0.21938,-0.28810,-0.15066,97
46,2010-06-18,-0.21988,-0.28834,-0.15142,97
47,2010-06-25,-0.21873,-0.28718,-0.15027,97
48,2010-07-02,-0.21640,-0.28378,-0.14902,97
49,2010-07-09,-0.21656,-0.28358,-0.14955,97
50,2010-07-16,-0.22083,-0.28986,-0.15180,97
51,2010-07-23,-0.22144,-0.29089,-0.15198,97
52,2010-07-30,-0.22184,-0.29143,-0.15225,97
53,2010-08-06,-0.22244,-0.29214,-0.15273,98
54,2010-08-13,-0.22459,-0.29404,-0.15515,99
55,2010-08-20,-0.22458,-0.29545,-0.15371,100
56,2010-08-27,-0.22256,-0.29276,-0.15235,101
57,2010-09-03,-0.22031,-0.29142,-0.14920,101
58,2010-09-10,-0.21927,-0.29089,-0.14765,101
59,2010-09-17,-0.21940,-0.29116,-0.14765,101
60,2010-09-24,-0.22023,-0.29262,-0.14785,101
61,2010-10-01,-0.20954,-0.27498,-0.14410,101
62,2010-10-08,-0.20745,-0.27791,-0.13700,101
63,2010-10-15,-0.20157,-0.26713,-0.13602,101
64,2010-10-22,-0.18936,-0.24615,-0.13256,101
65,2010-10-29,-0.18521,-0.23997,-0.13045,101
66,2010-11-05,-0.18676,-0.24487,-0.12864,101
67,2010-11-12,-0.18946,-0.24961,-0.12931,101
68,2010-11-19,-0.18611,-0.24887,-0.12336,101
69,2010-11-26,-0.18381,-0.24810,-0.11951,101
70,2010-12-03,-0.21047,-0.28677,-0.13417,101
71,2010-12-10,-0.20335,-0.28561,-0.12109,101
72,2010-12-17,-0.20293,-0.28680,-0.11907,101
73,2010-12-24,-0.20538,-0.29300,-0.11776,101
74,2010-12-31,-0.20333,-0.29952,-0.10714,101
75,2011-01-07,-0.20181,-0.30022,-0.10340,101
76,2011-01-14,-0.20305,-0.30128,-0.10481,101
77,2011-01-21,-0.20321,-0.30162,-0.10479,101
78,2011-01-28,-0.20781,-0.30695,-0.10867,101
79,2011-02-04,-0.20763,-0.30675,-0.10852,101
80,2011-02-11,-0.20630,-0.30573,-0.10687,101
81,2011-02-18,-0.21486,-0.31207,-0.11765,101
82,2011-02-25,-0.23598,-0.33058,-0.14139,101
83,2011-03-04,-0.23663,-0.33220,-0.14106,101
84,2011-03-11,-0.23987,-0.33626,-0.14348,101
85,2011-03-18,-0.21269,-0.29619,-0.12919,101
86,2011-03-25,-0.21530,-0.29977,-0.13083,101
87,2011-04-01,-0.21411,-0.29815,-0.13008,101
88,2011-04-08,-0.21046,-0.29359,-0.12733,101
89,2011-04-15,-0.20904,-0.29138,-0.12670,101
90,2011-04-22,-0.20916,-0.29095,-0.12737,102
91,2011-04-29,-0.21565,-0.29854,-0.13277,103
92,2011-05-06,-0.22540,-0.30184,-0.14895,104
93,2011-05-13,-0.21731,-0.29273,-0.14189,104
94,2011-05-20,-0.21137,-0.28918,-0.13356,104
95,2011-05-27,-0.21426,-0.29240,-0.13613,104
96,2011-06-03,-0.22020,-0.29839,-0.14200,104
97,2011-06-10,-0.21827,-0.29667,-0.13987,104
98,2011-06-17,-0.21994,-0.29728,-0.14261,104
99,2011-06-24,-0.20789,-0.28620,-0.12958,104
100,2011-07-01,-0.20978,-0.28778,-0.13178,104
101,2011-07-08,-0.21016,-0.29356,-0.12676,104
102,2011-07-15,-0.21316,-0.29716,-0.12916,104
103,2011-07-22,-0.20922,-0.29450,-0.12393,104
104,2011-07-29,-0.20774,-0.29251,-0.12297,104
105,2011-08-05,-0.21228,-0.29458,-0.12999,104
106,2011-08-12,-0.21306,-0.29517,-0.13095,104
107,2011-08-19,-0.21203,-0.29446,-0.12960,104
108,2011-08-26,-0.21225,-0.29516,-0.12933,104
109,2011-09-02,-0.22078,-0.30317,-0.13840,104
110,2011-09-09,-0.22023,-0.30263,-0.13783,104
111,2011-09-16,-0.22136,-0.30427,-0.13845,104
112,2011-09-23,-0.25463,-0.32957,-0.17969,104
113,2011-09-30,-0.25624,-0.33071,-0.18177,104
114,2011-10-07,-0.25091,-0.32493,-0.17688,104
115,2011-10-14,-0.26718,-0.34334,-0.19102,104
116,2011-10-21,-0.26138,-0.33581,-0.18694,104
117,2011-10-28,-0.25588,-0.33271,-0.17904,104
118,2011-11-04,-0.25237,-0.32917,-0.17557,104
119,2011-11-11,-0.25102,-0.32769,-0.17434,104
120,2011-11-18,-0.25446,-0.32830,-0.18063,104
121,2011-11-25,-0.25515,-0.32863,-0.18166,104
122,2011-12-02,-0.25630,-0.32970,-0.18290,104
123,2011-12-09,-0.25837,-0.33429,-0.18246,104
124,2011-12-16,-0.26753,-0.34263,-0.19244,104
125,2011-12-23,-0.26751,-0.34209,-0.19292,104
126,2011-12-30,-0.26847,-0.34320,-0.19374,104
127,2012-01-06,-0.26062,-0.33476,-0.18648,104
128,2012-01-13,-0.26351,-0.33923,-0.18780,104
129,2012-01-20,-0.26008,-0.33863,-0.18154,104
130,2012-01-27,-0.25860,-0.33827,-0.17893,104
131,2012-02-03,-0.25732,-0.33785,-0.17679,104
132,2012-02-10,-0.25737,-0.33893,-0.17581,104
133,2012-02-17,-0.26760,-0.34721,-0.18798,104
134,2012-02-24,-0.27045,-0.34949,-0.19141,104
135,2012-03-02,-0.26976,-0.34885,-0.19067,104
136,2012-03-09,-0.27012,-0.34897,-0.19126,104
137,2012-03-16,-0.27154,-0.34996,-0.19312,104
138,2012-03-23,-0.26985,-0.34864,-0.19106,104
139,2012-03-30,-0.26640,-0.34565,-0.18715,104
140,2012-04-06,-0.26619,-0.34549,-0.18688,104
141,2012-04-13,-0.26642,-0.34557,-0.18728,104
142,2012-04-20,-0.26483,-0.34392,-0.18574,104
143,2012-04-27,-0.26471,-0.34384,-0.18557,104
144,2012-05-04,-0.23978,-0.31597,-0.16358,104
145,2012-05-11,-0.24156,-0.31725,-0.16588,104
146,2012-05-18,-0.23600,-0.31196,-0.16004,104
147,2012-05-25,-0.23950,-0.31594,-0.16306,104
148,2012-06-01,-0.23438,-0.30745,-0.16130,104
149,2012-06-08,-0.23226,-0.30608,-0.15844,104
150,2012-06-15,-0.22786,-0.30355,-0.15217,104
151,2012-06-22,-0.22197,-0.29699,-0.14695,104
152,2012-06-29,-0.21908,-0.30368,-0.13448,104
153,2012-07-06,-0.21911,-0.30494,-0.13328,104
154,2012-07-13,-0.21443,-0.30288,-0.12597,104
155,2012-07-20,-0.21259,-0.30006,-0.12512,104
156,2012-07-27,-0.21171,-0.29906,-0.12435,104
157,2012-08-03,-0.20910,-0.29627,-0.12193,104
158,2012-08-10,-0.20424,-0.29419,-0.11429,104
159,2012-08-17,-0.20422,-0.29431,-0.11413,104
160,2012-08-24,-0.20840,-0.29822,-0.11857,104
161,2012-08-31,-0.20907,-0.29861,-0.11953,104
162,2012-09-07,-0.21041,-0.29999,-0.12083,104
163,2012-09-14,-0.21265,-0.30205,-0.12325,104
164,2012-09-21,-0.20773,-0.29555,-0.11990,104
165,2012-09-28,-0.20752,-0.29725,-0.11778,104
166,2012-10-05,-0.20736,-0.29701,-0.11772,104
167,2012-10-12,-0.20954,-0.29945,-0.11962,104
168,2012-10-19,-0.20358,-0.29426,-0.11290,104
169,2012-10-26,-0.20487,-0.29502,-0.11472,104
170,2012-11-02,-0.19034,-0.28180,-0.09887,104
171,2012-11-09,-0.18148,-0.27494,-0.08801,104
172,2012-11-16,-0.18047,-0.27468,-0.08626,104
173,2012-11-23,-0.18241,-0.27644,-0.08838,104
174,2012-11-30,-0.18685,-0.28254,-0.09115,104
175,2012-12-07,-0.18373,-0.27909,-0.08837,104
176,2012-12-14,-0.18286,-0.27815,-0.08757,104
177,2012-12-21,-0.18461,-0.28017,-0.08904,104
178,2012-12-28,-0.18554,-0.28096,-0.09013,104
179,2013-01-04,-0.18545,-0.28094,-0.08996,104
180,2013-01-11,-0.18399,-0.28119,-0.08679,104
181,2013-01-18,-0.18434,-0.28141,-0.08726,104
182,2013-01-25,-0.18323,-0.28019,-0.08627,104
183,2013-02-01,-0.18500,-0.28134,-0.08865,104
184,2013-02-08,-0.18503,-0.28131,-0.08875,104
185,2013-02-15,-0.18371,-0.27989,-0.08754,104
186,2013-02-22,-0.18941,-0.28981,-0.08901,104
187,2013-03-01,-0.18983,-0.29014,-0.08952,104
188,2013-03-08,-0.18859,-0.28944,-0.08775,104
189,2013-03-15,-0.19050,-0.29112,-0.08988,104
190,2013-03-22,-0.18947,-0.28996,-0.08897,104
191,2013-03-29,-0.18944,-0.29020,-0.08868,104
192,2013-04-05,-0.18178,-0.28484,-0.07872,104
193,2013-04-12,-0.18199,-0.28647,-0.07751,104
194,2013-04-19,-0.18546,-0.28830,-0.08263,104
195,2013-04-26,-0.16901,-0.26416,-0.07386,104
196,2013-05-03,-0.14567,-0.25214,-0.03920,104
197,2013-05-10,-0.15123,-0.25869,-0.04377,104
198,2013-05-17,-0.15186,-0.25946,-0.04425,104
199,2013-05-24,-0.15253,-0.26039,-0.04466,104
200,2013-05-31,-0.14990,-0.25743,-0.04237,104
201,2013-06-07,-0.15615,-0.26214,-0.05015,104
202,2013-06-14,-0.15149,-0.26185,-0.04112,104
203,2013-06-21,-0.18149,-0.29474,-0.06825,104
204,2013-06-28,-0.17931,-0.29601,-0.06262,104
205,2013-07-05,-0.17219,-0.28909,-0.05529,104
206,2013-07-12,-0.17055,-0.28697,-0.05413,104
207,2013-07-19,-0.16639,-0.28220,-0.05058,104
208,2013-07-26,-0.16569,-0.28216,-0.04923,104
209,2013-08-02,-0.15522,-0.27599,-0.03445,104
210,2013-08-09,-0.15477,-0.27584,-0.03370,104
211,2013-08-16,-0.15284,-0.27320,-0.03249,104
212,2013-08-23,-0.15175,-0.27215,-0.03135,104
213,2013-08-30,-0.15086,-0.27044,-0.03129,104
214,2013-09-06,-0.14936,-0.26870,-0.03002,104
215,2013-09-13,-0.13317,-0.25511,-0.01123,104
216,2013-09-20,-0.09497,-0.20174,0.01180,104
217,2013-09-27,-0.09785,-0.20439,0.00869,104
218,2013-10-04,-0.10073,-0.20930,0.00784,104
219,2013-10-11,-0.07258,-0.18409,0.03892,104
220,2013-10-18,-0.07747,-0.19131,0.03636,104
221,2013-10-25,-0.06641,-0.18021,0.04739,104
222,2013-11-01,-0.07490,-0.18898,0.03918,104
223,2013-11-08,-0.08124,-0.19707,0.03458,104
224,2013-11-15,-0.06068,-0.17640,0.05505,104
225,2013-11-22,-0.06180,-0.17600,0.05240,104
226,2013-11-29,-0.05627,-0.16855,0.05601,104
227,2013-12-06,-0.05462,-0.16756,0.05832,104
228,2013-12-13,-0.03532,-0.14078,0.07013,104
229,2013-12-20,-0.03316,-0.14029,0.07397,104
230,2013-12-27,-0.03253,-0.13993,0.07487,104
231,2014-01-03,-0.03826,-0.14566,0.06914,104
232,2014-01-10,-0.03875,-0.14706,0.06955,104
233,2014-01-17,-0.03996,-0.14835,0.06842,104
234,2014-01-24,-0.03910,-0.14716,0.06897,104
235,2014-01-31,-0.04326,-0.15245,0.06594,104
236,2014-02-07,-0.04082,-0.14826,0.06662,104
237,2014-02-14,-0.03808,-0.14533,0.06917,104
238,2014-02-21,-0.02507,-0.13285,0.08271,104
239,2014-02-28,-0.02600,-0.13393,0.08193,104
240,2014-03-07,-0.02701,-0.13558,0.08156,104
241,2014-03-14,-0.02697,-0.13610,0.08216,104
242,2014-03-21,-0.03007,-0.13871,0.07858,104
243,2014-03-28,-0.03392,-0.14320,0.07535,104
244,2014-04-04,-0.03391,-0.14290,0.07508,104
245,2014-04-11,-0.03500,-0.14449,0.07448,104
246,2014-04-18,-0.03517,-0.14543,0.07508,104
247,2014-04-25,-0.03453,-0.14473,0.07567,104
248,2014-05-02,-0.03642,-0.15360,0.08075,104
249,2014-05-09,-0.03320,-0.14943,0.08303,104
250,2014-05-16,-0.01652,-0.12877,0.09573,104
251,2014-05-23,-0.01614,-0.12833,0.09605,104
252,2014-05-30,0.00130,-0.12020,0.12279,104
253,2014-06-06,0.00294,-0.11878,0.12466,104
254,2014-06-13,-0.00192,-0.11938,0.11553,104
255,2014-06-20,0.00780,-0.12393,0.13952,104
256,2014-06-27,-0.01436,-0.14933,0.12061,104
257,2014-07-04,-0.01707,-0.15030,0.11617,104
258,2014-07-11,-0.02423,-0.15738,0.10891,104
259,2014-07-18,-0.01672,-0.15292,0.11949,104
260,2014-07-25,-0.01764,-0.15380,0.11852,104
261,2014-08-01,-0.02816,-0.16384,0.10752,104
262,2014-08-08,-0.01201,-0.14731,0.12329,104
263,2014-08-15,-0.00320,-0.13584,0.12943,104
264,2014-08-22,-0.00336,-0.13593,0.12920,104
265,2014-08-29,-0.00209,-0.13466,0.13049,104
266,2014-09-05,-0.00850,-0.13916,0.12216,104
267,2014-09-12,-0.01073,-0.14067,0.11922,104
268,2014-09-19,-0.01640,-0.15374,0.12095,104
269,2014-09-26,-0.01819,-0.15607,0.11970,104
270,2014-10-03,-0.02392,-0.15658,0.10874,104
271,2014-10-10,-0.02543,-0.15811,0.10725,104
272,2014-10-17,-0.04934,-0.17292,0.07425,104
273,2014-10-24,-0.04788,-0.17188,0.07612,104
274,2014-10-31,-0.06164,-0.18185,0.05856,104
275,2014-11-07,-0.07918,-0.20096,0.04261,104
276,2014-11-14,-0.05839,-0.17164,0.05486,104
277,2014-11-21,-0.05842,-0.16880,0.05195,104
278,2014-11-28,-0.08456,-0.17046,0.00133,104
279,2014-12-05,-0.09210,-0.17863,-0.00557,104
280,2014-12-12,-0.12026,-0.21356,-0.02696,104
281,2014-12-19,-0.11976,-0.21268,-0.02684,104
282,2014-12-26,-0.11944,-0.21201,-0.02688,104
283,2015-01-02,-0.11140,-0.19678,-0.02603,104
284,2015-01-09,-0.11829,-0.19051,-0.04606,104
285,2015-01-16,-0.11446,-0.18710,-0.04182,104
286,2015-01-23,-0.11052,-0.18386,-0.03718,104
287,2015-01-30,-0.08320,-0.16993,0.00352,104
288,2015-02-06,-0.11352,-0.18547,-0.04157,104
289,2015-02-13,-0.11357,-0.18528,-0.04185,104
290,2015-02-20,-0.11074,-0.18219,-0.03929,104
291,2015-02-27,-0.10593,-0.17663,-0.03523,104
292,2015-03-06,-0.10545,-0.17493,-0.03596,104
293,2015-03-13,-0.12850,-0.20372,-0.05329,104
294,2015-03-20,-0.12887,-0.20476,-0.05298,104
295,2015-03-27,-0.13304,-0.21221,-0.05388,104
296,2015-04-03,-0.13616,-0.21369,-0.05864,104
297,2015-04-10,-0.13638,-0.21355,-0.05922,104
298,2015-04-17,-0.15627,-0.24012,-0.07241,104
299,2015-04-24,-0.15666,-0.23826,-0.07505,104
300,2015-05-01,-0.16308,-0.24873,-0.07743,104
301,2015-05-08,-0.16137,-0.24596,-0.07678,104
302,2015-05-15,-0.16333,-0.24793,-0.07873,104
303,2015-05-22,-0.16571,-0.25081,-0.08062,104
304,2015-05-29,-0.16490,-0.25052,-0.07928,104
305,2015-06-05,-0.15953,-0.24554,-0.07352,104
306,2015-06-12,-0.15854,-0.24471,-0.07237,104
307,2015-06-19,-0.15030,-0.23759,-0.06302,104
308,2015-06-26,-0.15117,-0.23822,-0.06412,104
309,2015-07-03,-0.15971,-0.24687,-0.07254,104
310,2015-07-10,-0.16376,-0.25023,-0.07728,104
311,2015-07-17,-0.16378,-0.25027,-0.07728,104
312,2015-07-24,-0.16081,-0.24601,-0.07562,104
313,2015-07-31,-0.15930,-0.24401,-0.07460,104
314,2015-08-07,-0.15936,-0.24183,-0.07688,104
315,2015-08-14,-0.16111,-0.24368,-0.07854,104
316,2015-08-21,-0.15773,-0.23786,-0.07760,104
317,2015-08-28,-0.14347,-0.22646,-0.06048,104
318,2015-09-04,-0.14462,-0.22744,-0.06179,104
319,2015-09-11,-0.14851,-0.23113,-0.06589,104
320,2015-09-18,-0.15055,-0.23343,-0.06767,104
321,2015-09-25,-0.14177,-0.22829,-0.05524,104
322,2015-10-02,-0.14107,-0.22788,-0.05425,104
323,2015-10-09,-0.15789,-0.23997,-0.07580,104
324,2015-10-16,-0.14980,-0.22814,-0.07145,104
325,2015-10-23,-0.15497,-0.23336,-0.07659,104
326,2015-10-30,-0.14713,-0.22578,-0.06848,104
327,2015-11-06,-0.14519,-0.22373,-0.06665,104
328,2015-11-13,-0.14942,-0.22597,-0.07287,104
329,2015-11-20,-0.14890,-0.22522,-0.07258,104
330,2015-11-27,-0.14860,-0.22497,-0.07222,104
331,2015-12-04,-0.14506,-0.22160,-0.06852,104
332,2015-12-11,-0.14280,-0.21453,-0.07108,104
333,2015-12-18,-0.14235,-0.21452,-0.07019,104
334,2015-12-25,-0.14268,-0.21462,-0.07074,104
335,2016-01-01,-0.14269,-0.21506,-0.07031,104
336,2016-01-08,-0.14569,-0.21668,-0.07470,104
337,2016-01-15,-0.13633,-0.20647,-0.06620,104
338,2016-01-22,-0.13351,-0.20345,-0.06356,104
339,2016-01-29,-0.13780,-0.20397,-0.07163,104
340,2016-02-05,-0.13645,-0.20300,-0.06990,104
341,2016-02-12,-0.13622,-0.20295,-0.06949,104
342,2016-02-19,-0.13606,-0.20297,-0.06914,104
343,2016-02-26,-0.13219,-0.19781,-0.06657,104
344,2016-03-04,-0.12854,-0.19153,-0.06555,104
345,2016-03-11,-0.12975,-0.19166,-0.06784,104
346,2016-03-18,-0.13226,-0.19358,-0.07094,104
347,2016-03-25,-0.13153,-0.19303,-0.07003,104
348,2016-04-01,-0.13063,-0.19191,-0.06936,104
349,2016-04-08,-0.12625,-0.18685,-0.06566,104
350,2016-04-15,-0.12830,-0.18836,-0.06825,104
351,2016-04-22,-0.12867,-0.18797,-0.06938,104
352,2016-04-29,-0.12924,-0.18724,-0.07124,104
353,2016-05-06,-0.12809,-0.18551,-0.07066,104
354,2016-05-13,-0.12951,-0.18617,-0.07286,104
355,2016-05-20,-0.12647,-0.18350,-0.06944,104
356,2016-05-27,-0.12729,-0.18405,-0.07054,104
357,2016-06-03,-0.12696,-0.18373,-0.07018,104
358,2016-06-10,-0.13020,-0.18719,-0.07321,104
359,2016-06-17,-0.13366,-0.19077,-0.07656,104
360,2016-06-24,-0.13306,-0.18994,-0.07619,104
361,2016-07-01,-0.13021,-0.18686,-0.07357,104
362,2016-07-08,-0.13288,-0.18907,-0.07669,104
363,2016-07-15,-0.13466,-0.19072,-0.07859,104
364,2016-07-22,-0.13505,-0.19105,-0.07906,104
365,2016-07-29,-0.13362,-0.18869,-0.07855,104
366,2016-08-05,-0.13572,-0.19063,-0.08080,104
367,2016-08-12,-0.14152,-0.19685,-0.08618,104
368,2016-08-19,-0.14166,-0.19549,-0.08783,104
369,2016-08-26,-0.14206,-0.19600,-0.08813,104
370,2016-09-02,-0.14194,-0.19525,-0.08863,104
371,2016-09-09,-0.14263,-0.19598,-0.08927,104
372,2016-09-16,-0.14166,-0.19474,-0.08859,104
373,2016-09-23,-0.14197,-0.19497,-0.08896,104
374,2016-09-30,-0.14244,-0.19475,-0.09014,104
375,2016-10-07,-0.14060,-0.19220,-0.08900,104
376,2016-10-14,-0.13966,-0.19197,-0.08735,104
377,2016-10-21,-0.13982,-0.19222,-0.08741,104
378,2016-10-28,-0.14039,-0.19247,-0.08831,104
379,2016-11-04,-0.13211,-0.18483,-0.07938,104
380,2016-11-11,-0.13665,-0.19072,-0.08259,104
381,2016-11-18,-0.13378,-0.18932,-0.07823,104
382,2016-11-25,-0.13135,-0.18957,-0.07314,104
383,2016-12-02,-0.13294,-0.18596,-0.07992,104
384,2016-12-09,-0.12502,-0.17782,-0.07222,104
385,2016-12-16,-0.12306,-0.17588,-0.07024,104
386,2016-12-23,-0.12321,-0.17601,-0.07041,104
387,2016-12-30,-0.12711,-0.18082,-0.07340,104
388,2017-01-06,-0.12527,-0.18223,-0.06830,104
389,2017-01-13,-0.12740,-0.18439,-0.07042,104
390,2017-01-20,-0.12816,-0.18506,-0.07126,104
391,2017-01-27,-0.13868,-0.19968,-0.07767,104
392,2017-02-03,-0.12875,-0.18759,-0.06992,104
393,2017-02-10,-0.12836,-0.18707,-0.06965,104
394,2017-02-17,-0.12739,-0.18651,-0.06827,104
395,2017-02-24,-0.12952,-0.19044,-0.06860,104
396,2017-03-03,-0.12913,-0.19023,-0.06803,104
397,2017-03-10,-0.11464,-0.16589,-0.06338,104
398,2017-03-17,-0.11486,-0.16608,-0.06364,104
399,2017-03-24,-0.11263,-0.16332,-0.06195,104
400,2017-03-31,-0.11158,-0.16255,-0.06060,104
401,2017-04-07,-0.10953,-0.16068,-0.05839,104
402,2017-04-14,-0.09555,-0.13910,-0.05199,104
403,2017-04-21,-0.09594,-0.13973,-0.05214,104
404,2017-04-28,-0.09136,-0.13432,-0.04839,104
405,2017-05-05,-0.09389,-0.13661,-0.05117,104
406,2017-05-12,-0.09402,-0.13659,-0.05144,104
407,2017-05-19,-0.09510,-0.13765,-0.05254,104
408,2017-05-26,-0.09434,-0.13629,-0.05240,104
409,2017-06-02,-0.09561,-0.13743,-0.05379,104
410,2017-06-09,-0.09660,-0.13841,-0.05480,104
411,2017-06-16,-0.09692,-0.13882,-0.05502,104
412,2017-06-23,-0.09612,-0.13794,-0.05430,104
413,2017-06-30,-0.09728,-0.13826,-0.05630,104
414,2017-07-07,-0.09242,-0.13285,-0.05199,104
415,2017-07-14,-0.09380,-0.13389,-0.05371,104
416,2017-07-21,-0.09276,-0.13300,-0.05251,104
417,2017-07-28,-0.09513,-0.13398,-0.05628,104
418,2017-08-04,-0.09286,-0.13292,-0.05279,104
419,2017-08-11,-0.09282,-0.13306,-0.05258,104
420,2017-08-18,-0.09373,-0.13389,-0.05358,104
421,2017-08-25,-0.10093,-0.13762,-0.06424,104
422,2017-09-01,-0.10103,-0.13762,-0.06444,104
423,2017-09-08,-0.10306,-0.13893,-0.06719,104
424,2017-09-15,-0.10034,-0.13668,-0.06400,104
425,2017-09-22,-0.10575,-0.14299,-0.06851,104
426,2017-09-29,-0.10505,-0.14253,-0.06756,104
427,2017-10-06,-0.09500,-0.13358,-0.05642,104
428,2017-10-13,-0.10102,-0.13809,-0.06395,104
429,2017-10-20,-0.09898,-0.13664,-0.06132,104
430,2017-10-27,-0.09621,-0.13539,-0.05703,104
431,2017-11-03,-0.09760,-0.13659,-0.05862,104
432,2017-11-10,-0.09506,-0.13536,-0.05476,104
433,2017-11-17,-0.09527,-0.13551,-0.05504,104
434,2017-11-24,-0.09585,-0.13600,-0.05571,104
435,2017-12-01,-0.10235,-0.14258,-0.06212,104
436,2017-12-08,-0.09970,-0.14248,-0.05691,104
437,2017-12-15,-0.09757,-0.14040,-0.05474,104
438,2017-12-22,-0.09569,-0.13841,-0.05297,104
439,2017-12-29,-0.09764,-0.14021,-0.05507,104
440,2018-01-05,-0.09144,-0.13882,-0.04407,104
441,2018-01-12,-0.10320,-0.14726,-0.05915,104
442,2018-01-19,-0.10075,-0.14579,-0.05572,104
443,2018-01-26,-0.09708,-0.14351,-0.05065,104
444,2018-02-02,-0.09615,-0.14273,-0.04957,104
445,2018-02-09,-0.11068,-0.15970,-0.06166,104
446,2018-02-16,-0.11274,-0.16372,-0.06175,104
447,2018-02-23,-0.11348,-0.16218,-0.06479,104
448,2018-03-02,-0.11538,-0.16587,-0.06488,104
449,2018-03-09,-0.11431,-0.16529,-0.06333,104
450,2018-03-16,-0.11298,-0.16422,-0.06174,104
451,2018-03-23,-0.10805,-0.15966,-0.05644,104
452,2018-03-30,-0.11021,-0.16087,-0.05954,104
453,2018-04-06,-0.11751,-0.16763,-0.06739,104
454,2018-04-13,-0.11609,-0.16449,-0.06769,104
455,2018-04-20,-0.11592,-0.16479,-0.06705,104
456,2018-04-27,-0.11510,-0.16529,-0.06491,104
457,2018-05-04,-0.11623,-0.16713,-0.06533,104
458,2018-05-11,-0.11671,-0.16826,-0.06517,104
459,2018-05-18,-0.11777,-0.16951,-0.06602,104
460,2018-05-25,-0.11585,-0.16774,-0.06395,104
461,2018-06-01,-0.11518,-0.16719,-0.06317,104
462,2018-06-08,-0.11140,-0.16393,-0.05887,104
463,2018-06-15,-0.10815,-0.16043,-0.05588,104
464,2018-06-22,-0.11033,-0.16201,-0.05865,104
465,2018-06-29,-0.10937,-0.16210,-0.05664,104
466,2018-07-06,-0.10039,-0.15510,-0.04568,104
467,2018-07-13,-0.09996,-0.15398,-0.04594,104
468,2018-07-20,-0.10015,-0.15295,-0.04736,104
469,2018-07-27,-0.09967,-0.15385,-0.04549,104
470,2018-08-03,-0.09732,-0.15057,-0.04408,104
471,2018-08-10,-0.09165,-0.14348,-0.03982,104
472,2018-08-17,-0.09184,-0.14574,-0.03795,104
473,2018-08-24,-0.09328,-0.14640,-0.04017,104
474,2018-08-31,-0.09037,-0.14419,-0.03655,104
475,2018-09-07,-0.08868,-0.14262,-0.03475,104
476,2018-09-14,-0.09023,-0.14548,-0.03497,104
477,2018-09-21,-0.09072,-0.14597,-0.03546,104
478,2018-09-28,-0.08704,-0.14327,-0.03080,104
479,2018-10-05,-0.08820,-0.14527,-0.03113,104
480,2018-10-12,-0.08463,-0.14179,-0.02747,104
481,2018-10-19,-0.08508,-0.14209,-0.02807,104
482,2018-10-26,-0.08425,-0.14323,-0.02527,104
483,2018-11-02,-0.09445,-0.14782,-0.04108,104
484,2018-11-09,-0.09424,-0.14716,-0.04132,104
485,2018-11-16,-0.10146,-0.15365,-0.04926,104
486,2018-11-23,-0.09458,-0.14300,-0.04617,104
487,2018-11-30,-0.08545,-0.14028,-0.03061,104
488,2018-12-07,-0.08449,-0.13828,-0.03070,104
489,2018-12-14,-0.08819,-0.14208,-0.03430,104
490,2018-12-21,-0.09126,-0.14078,-0.04175,104
491,2018-12-28,-0.09129,-0.14078,-0.04180,104
492,2019-01-04,-0.09010,-0.13659,-0.04362,104
493,2019-01-11,-0.09734,-0.14603,-0.04866,104
494,2019-01-18,-0.09463,-0.14167,-0.04760,104
495,2019-01-25,-0.09489,-0.14191,-0.04787,104
496,2019-02-01,-0.09394,-0.14127,-0.04661,104
497,2019-02-08,-0.09341,-0.14073,-0.04609,104
498,2019-02-15,-0.08945,-0.13684,-0.04207,104
499,2019-02-22,-0.08967,-0.13694,-0.04240,104
500,2019-03-01,-0.08711,-0.13518,-0.03904,104
501,2019-03-08,-0.08292,-0.13385,-0.03198,104
502,2019-03-15,-0.08537,-0.13558,-0.03516,104
503,2019-03-22,-0.08541,-0.13557,-0.03525,104
504,2019-03-29,-0.08555,-0.13527,-0.03582,104
505,2019-04-05,-0.08895,-0.13828,-0.03961,104
506,2019-04-12,-0.08942,-0.13862,-0.04023,104
507,2019-04-19,-0.09107,-0.14203,-0.04010,104
508,2019-04-26,-0.09083,-0.14183,-0.03982,104
509,2019-05-03,-0.08895,-0.14003,-0.03787,104
510,2019-05-10,-0.08761,-0.13898,-0.03623,104
511,2019-05-17,-0.08484,-0.13720,-0.03249,104
512,2019-05-24,-0.08680,-0.13792,-0.03568,104
513,2019-05-31,-0.08477,-0.13536,-0.03419,104
514,2019-06-07,-0.08204,-0.13349,-0.03059,104
515,2019-06-14,-0.08177,-0.13336,-0.03018,104
516,2019-06-21,-0.08681,-0.13749,-0.03612,104
517,2019-06-28,-0.08404,-0.13554,-0.03254,104
518,2019-07-05,-0.08484,-0.13601,-0.03366,104
519,2019-07-12,-0.08112,-0.13285,-0.02939,104
520,2019-07-19,-0.08252,-0.13314,-0.03190,104
521,2019-07-26,-0.07743,-0.13148,-0.02337,104
522,2019-08-02,-0.08193,-0.13495,-0.02890,104
523,2019-08-09,-0.08059,-0.13265,-0.02852,104
524,2019-08-16,-0.08077,-0.13286,-0.02868,104
525,2019-08-23,-0.08207,-0.13387,-0.03027,104
526,2019-08-30,-0.08081,-0.13259,-0.02903,104
527,2019-09-06,-0.08146,-0.13339,-0.02952,104
528,2019-09-13,-0.08493,-0.13653,-0.03334,104
529,2019-09-20,-0.08189,-0.13238,-0.03140,104
530,2019-09-27,-0.08520,-0.13490,-0.03550,104
531,2019-10-04,-0.08334,-0.13260,-0.03409,104
532,2019-10-11,-0.08077,-0.13092,-0.03063,104
533,2019-10-18,-0.08142,-0.13144,-0.03139,104
534,2019-10-25,-0.09242,-0.13811,-0.04673,104
535,2019-11-01,-0.09166,-0.13763,-0.04568,104
536,2019-11-08,-0.09257,-0.13864,-0.04650,104
537,2019-11-15,-0.09135,-0.13727,-0.04543,104
538,2019-11-22,-0.09034,-0.13642,-0.04426,104
539,2019-11-29,-0.08954,-0.13549,-0.04359,104
540,2019-12-06,-0.08977,-0.13533,-0.04421,104
541,2019-12-13,-0.09074,-0.13616,-0.04532,104
542,2019-12-20,-0.09376,-0.13960,-0.04792,104
543,2019-12-27,-0.09341,-0.13896,-0.04786,104
544,2020-01-03,-0.09164,-0.13742,-0.04585,104
545,2020-01-10,-0.09190,-0.13757,-0.04623,104
546,2020-01-17,-0.09465,-0.14169,-0.04762,104
547,2020-01-24,-0.09448,-0.13963,-0.04933,104
548,2020-01-31,-0.10184,-0.15101,-0.05266,104
549,2020-02-07,-0.08550,-0.12526,-0.04574,104
550,2020-02-14,-0.07941,-0.11953,-0.03929,104
551,2020-02-21,-0.08157,-0.12087,-0.04226,104
552,2020-02-28,-0.07782,-0.11521,-0.04043,104
553,2020-03-06,-0.06571,-0.11179,-0.01962,104
554,2020-03-13,-0.13293,-0.20948,-0.05638,104
555,2020-03-20,0.07729,-0.15944,0.31403,104
556,2020-03-27,0.01013,-0.18110,0.20135,104
557,2020-04-03,0.00491,-0.13839,0.14820,104
558,2020-04-10,0.00859,-0.13513,0.15231,104
559,2020-04-17,0.00508,-0.13228,0.14244,104
560,2020-04-24,-0.00861,-0.13782,0.12060,104
561,2020-05-01,-0.01960,-0.14906,0.10987,104
562,2020-05-08,-0.02105,-0.14214,0.10003,104
563,2020-05-15,-0.02271,-0.14373,0.09832,104
564,2020-05-22,-0.02590,-0.14698,0.09519,104
565,2020-05-29,-0.02665,-0.14770,0.09441,104
566,2020-06-05,-0.03947,-0.16011,0.08117,104
567,2020-06-12,-0.04250,-0.16440,0.07940,104
568,2020-06-19,-0.04374,-0.16499,0.07751,104
569,2020-06-26,-0.04494,-0.16704,0.07715,104
570,2020-07-03,-0.04689,-0.16937,0.07560,104
571,2020-07-10,-0.04686,-0.16929,0.07556,104
572,2020-07-17,-0.04649,-0.16856,0.07557,104
573,2020-07-24,-0.04648,-0.16853,0.07558,104
574,2020-07-31,-0.04653,-0.16831,0.07525,104
575,2020-08-07,-0.04691,-0.16844,0.07461,104
576,2020-08-14,-0.04688,-0.16802,0.07426,104
577,2020-08-21,-0.04608,-0.16770,0.07555,104
578,2020-08-28,-0.04587,-0.16755,0.07581,104
579,2020-09-04,-0.04587,-0.16693,0.07518,104
580,2020-09-11,-0.04605,-0.16687,0.07478,104
581,2020-09-18,-0.04580,-0.16539,0.07379,104
582,2020-09-25,-0.04767,-0.16879,0.07345,104
583,2020-10-02,-0.04598,-0.16552,0.07357,104
584,2020-10-09,-0.04685,-0.16544,0.07174,104
585,2020-10-16,-0.04672,-0.16532,0.07188,104
586,2020-10-23,-0.04610,-0.16430,0.07210,104
587,2020-10-30,-0.05003,-0.16839,0.06834,104
588,2020-11-06,-0.05317,-0.17209,0.06576,104
589,2020-11-13,-0.05208,-0.16973,0.06557,104
590,2020-11-20,-0.05368,-0.17426,0.06689,104
591,2020-11-27,-0.05499,-0.17508,0.06510,104
592,2020-12-04,-0.05554,-0.17601,0.06492,104
593,2020-12-11,-0.05541,-0.17589,0.06507,104
594,2020-12-18,-0.05554,-0.17786,0.06677,104
595,2020-12-25,-0.05568,-0.17828,0.06692,104
596,2021-01-01,-0.05530,-0.17909,0.06848,104
597,2021-01-08,-0.05530,-0.17920,0.06859,104
598,2021-01-15,-0.05573,-0.17992,0.06846,104
599,2021-01-22,-0.05558,-0.17974,0.06857,104
600,2021-01-29,-0.05552,-0.18008,0.06903,104
601,2021-02-05,-0.05497,-0.17853,0.06858,104
602,2021-02-12,-0.05730,-0.18153,0.06693,104
603,2021-02-19,-0.05726,-0.18152,0.06699,104
604,2021-02-26,-0.05713,-0.18135,0.06710,104
605,2021-03-05,-0.05662,-0.18014,0.06689,104
606,2021-03-12,-0.05581,-0.17915,0.06754,104
607,2021-03-19,-0.05671,-0.17959,0.06618,104
608,2021-03-26,-0.05742,-0.18047,0.06563,104
609,2021-04-02,-0.05705,-0.17993,0.06584,104
610,2021-04-09,-0.05672,-0.17946,0.06602,104
611,2021-04-16,-0.05725,-0.17953,0.06503,104
612,2021-04-23,-0.05748,-0.17949,0.06452,104
613,2021-04-30,-0.05777,-0.17952,0.06398,104
614,2021-05-07,-0.05736,-0.17911,0.06440,104
615,2021-05-14,-0.05703,-0.17897,0.06491,104
616,2021-05-21,-0.05656,-0.17864,0.06552,104
617,2021-05-28,-0.05595,-0.17844,0.06654,104
618,2021-06-04,-0.05598,-0.17866,0.06670,104
619,2021-06-11,-0.05626,-0.17903,0.06651,104
620,2021-06-18,-0.05488,-0.17818,0.06843,104
621,2021-06-25,-0.05489,-0.17808,0.06830,104
622,2021-07-02,-0.05492,-0.17862,0.06878,104
623,2021-07-09,-0.05538,-0.17960,0.06884,104
624,2021-07-16,-0.05584,-0.18109,0.06941,104
625,2021-07-23,-0.05616,-0.18138,0.06906,104
626,2021-07-30,-0.05569,-0.18032,0.06893,104
627,2021-08-06,-0.05629,-0.18060,0.06803,104
628,2021-08-13,-0.05631,-0.18054,0.06792,104
629,2021-08-20,-0.05840,-0.18234,0.06553,104
630,2021-08-27,-0.06162,-0.18449,0.06125,104
631,2021-09-03,-0.06132,-0.18393,0.06129,104
632,2021-09-10,-0.06147,-0.18439,0.06145,104
633,2021-09-17,-0.06199,-0.18556,0.06157,104
634,2021-09-24,-0.06161,-0.18502,0.06180,104
635,2021-10-01,-0.06113,-0.18544,0.06318,104
636,2021-10-08,-0.06224,-0.18665,0.06217,104
637,2021-10-15,-0.06253,-0.18682,0.06177,104
638,2021-10-22,-0.06254,-0.18699,0.06191,104
639,2021-10-29,-0.06236,-0.18656,0.06184,104
640,2021-11-05,-0.06311,-0.18792,0.06170,104
641,2021-11-12,-0.06346,-0.18848,0.06156,104
642,2021-11-19,-0.06432,-0.18947,0.06083,104
643,2021-11-26,-0.06602,-0.19070,0.05865,104
644,2021-12-03,-0.06662,-0.19147,0.05822,104
645,2021-12-10,-0.06709,-0.19133,0.05714,104
646,2021-12-17,-0.06685,-0.19094,0.05723,104
647,2021-12-24,-0.06718,-0.19120,0.05684,104
648,2021-12-31,-0.06751,-0.19154,0.05651,104
649,2022-01-07,-0.06635,-0.19059,0.05788,104
650,2022-01-14,-0.06764,-0.19176,0.05647,104
651,2022-01-21,-0.06641,-0.19112,0.05829,104
652,2022-01-28,-0.06467,-0.18908,0.05974,104
653,2022-02-04,-0.06583,-0.19130,0.05963,104
654,2022-02-11,-0.06618,-0.19227,0.05991,104
655,2022-02-18,-0.06661,-0.19276,0.05954,104
656,2022-02-25,-0.06672,-0.19732,0.06388,104
657,2022-03-04,-0.06824,-0.19364,0.05715,104
658,2022-03-11,-0.03346,-0.21721,0.15029,104
659,2022-03-18,-0.16287,-0.24739,-0.07834,104
660,2022-03-25,-0.11013,-0.16777,-0.05249,104
661,2022-04-01,-0.13226,-0.17946,-0.08506,104
662,2022-04-08,-0.13438,-0.18112,-0.08765,104
663,2022-04-15,-0.13813,-0.18579,-0.09048,104
664,2022-04-22,-0.14934,-0.20333,-0.09535,104
665,2022-04-29,-0.14355,-0.20296,-0.08413,104
666,2022-05-06,-0.15784,-0.22301,-0.09266,104
667,2022-05-13,-0.16017,-0.22583,-0.09452,104
668,2022-05-20,-0.15770,-0.22287,-0.09253,104
669,2022-05-27,-0.15997,-0.22526,-0.09467,104
670,2022-06-03,-0.14679,-0.20768,-0.08591,104
671,2022-06-10,-0.13912,-0.19804,-0.08019,104
672,2022-06-17,-0.14862,-0.21277,-0.08447,104
673,2022-06-24,-0.14738,-0.21146,-0.08331,104
674,2022-07-01,-0.14405,-0.20717,-0.08092,104
675,2022-07-08,-0.14763,-0.21180,-0.08346,104
676,2022-07-15,-0.14992,-0.21384,-0.08601,104
677,2022-07-22,-0.15142,-0.21603,-0.08682,104
678,2022-07-29,-0.15553,-0.22123,-0.08983,104
679,2022-08-05,-0.13966,-0.19857,-0.08076,104
680,2022-08-12,-0.14139,-0.19967,-0.08312,104
681,2022-08-19,-0.14295,-0.20104,-0.08486,104
682,2022-08-26,-0.14334,-0.20120,-0.08549,104
683,2022-09-02,-0.15327,-0.21436,-0.09218,104
684,2022-09-09,-0.15271,-0.21497,-0.09045,104
685,2022-09-16,-0.15577,-0.22007,-0.09148,104
686,2022-09-23,-0.15243,-0.21793,-0.08692,104
687,2022-09-30,-0.15980,-0.22500,-0.09460,104
688,2022-10-07,-0.15408,-0.21815,-0.09001,104
689,2022-10-14,-0.14659,-0.21166,-0.08151,104
690,2022-10-21,-0.14833,-0.21490,-0.08176,104
691,2022-10-28,-0.14550,-0.21228,-0.07873,104
692,2022-11-04,-0.13741,-0.20160,-0.07322,104
693,2022-11-11,-0.13249,-0.19992,-0.06505,104
694,2022-11-18,-0.12560,-0.19114,-0.06006,104
695,2022-11-25,-0.11746,-0.18506,-0.04987,104
696,2022-12-02,-0.11790,-0.18470,-0.05110,104
697,2022-12-09,-0.12229,-0.18498,-0.05960,104
698,2022-12-16,-0.12037,-0.18204,-0.05869,104
699,2022-12-23,-0.11770,-0.17815,-0.05725,104
700,2022-12-30,-0.11763,-0.17796,-0.05730,104
701,2023-01-06,-0.12167,-0.18258,-0.06076,104
702,2023-01-13,-0.12981,-0.19592,-0.06370,104
703,2023-01-20,-0.12965,-0.19553,-0.06378,104
704,2023-01-27,-0.12888,-0.19447,-0.06329,104
705,2023-02-03,-0.13290,-0.19848,-0.06732,104
706,2023-02-10,-0.12500,-0.18866,-0.06133,104
707,2023-02-17,-0.12503,-0.18817,-0.06189,104
708,2023-02-24,-0.12645,-0.18997,-0.06292,104
709,2023-03-03,-0.12695,-0.19085,-0.06306,104
710,2023-03-10,-0.12908,-0.19258,-0.06557,104
711,2023-03-17,-0.12448,-0.18541,-0.06355,104
712,2023-03-24,-0.12722,-0.18828,-0.06616,104
713,2023-03-31,-0.12695,-0.18741,-0.06649,104
714,2023-04-07,-0.12811,-0.18815,-0.06808,104
715,2023-04-14,-0.12736,-0.18775,-0.06697,104
716,2023-04-21,-0.13084,-0.19142,-0.07027,104
717,2023-04-28,-0.12943,-0.18957,-0.06930,104
718,2023-05-05,-0.12950,-0.18886,-0.07014,104
719,2023-05-12,-0.12932,-0.18858,-0.07006,104
720,2023-05-19,-0.12948,-0.18879,-0.07017,104
721,2023-05-26,-0.13005,-0.18973,-0.07037,104
722,2023-06-02,-0.13039,-0.19023,-0.07054,104
723,2023-06-09,-0.12879,-0.18846,-0.06911,104
724,2023-06-16,-0.13273,-0.19307,-0.07239,104
725,2023-06-23,-0.13337,-0.19376,-0.07297,104
726,2023-06-30,-0.13271,-0.19291,-0.07252,104
727,2023-07-07,-0.13227,-0.19210,-0.07244,104
728,2023-07-14,-0.13664,-0.19830,-0.07497,104
729,2023-07-21,-0.13608,-0.19748,-0.07468,104
730,2023-07-28,-0.13279,-0.19310,-0.07248,104
731,2023-08-04,-0.13325,-0.19503,-0.07147,104
732,2023-08-11,-0.13310,-0.19486,-0.07135,104
733,2023-08-18,-0.13241,-0.19465,-0.07018,104
734,2023-08-25,-0.12849,-0.19170,-0.06528,104
735,2023-09-01,-0.12959,-0.19268,-0.06651,104
736,2023-09-08,-0.12901,-0.19186,-0.06615,104
737,2023-09-15,-0.12796,-0.19054,-0.06538,104
738,2023-09-22,-0.12738,-0.18995,-0.06481,104
739,2023-09-29,-0.12854,-0.19146,-0.06562,104
740,2023-10-06,-0.12775,-0.18719,-0.06832,104
741,2023-10-13,-0.12475,-0.18276,-0.06675,104
742,2023-10-20,-0.12439,-0.18227,-0.06651,104
743,2023-10-27,-0.12554,-0.18355,-0.06752,104
744,2023-11-03,-0.12142,-0.17816,-0.06468,104
745,2023-11-10,-0.12090,-0.17724,-0.06456,104
746,2023-11-17,-0.11891,-0.17532,-0.06251,104
747,2023-11-24,-0.11695,-0.17421,-0.05969,104
748,2023-12-01,-0.11602,-0.17334,-0.05871,104
749,2023-12-08,-0.11493,-0.17254,-0.05731,104
750,2023-12-15,-0.11639,-0.17445,-0.05834,104
751,2023-12-22,-0.11716,-0.17565,-0.05867,104
752,2023-12-29,-0.11508,-0.17315,-0.05701,104
753,2024-01-05,-0.11572,-0.17404,-0.05741,104
754,2024-01-12,-0.11280,-0.17101,-0.05460,104
755,2024-01-19,-0.11365,-0.17204,-0.05527,104
756,2024-01-26,-0.11540,-0.17351,-0.05729,104
757,2024-02-02,-0.10998,-0.16692,-0.05304,104
758,2024-02-09,-0.10590,-0.16287,-0.04894,104
759,2024-02-16,-0.10615,-0.16313,-0.04918,104
760,2024-02-23,-0.10704,-0.16379,-0.05029,104
761,2024-03-01,-0.11475,-0.17531,-0.05419,104
762,2024-03-08,-0.11413,-0.17519,-0.05307,104
763,2024-03-15,-0.11451,-0.17577,-0.05325,104
764,2024-03-22,-0.11315,-0.17766,-0.04864,104
765,2024-03-29,-0.11533,-0.18512,-0.04553,104
766,2024-04-05,-0.11472,-0.18368,-0.04577,104
767,2024-04-12,-0.11473,-0.18465,-0.04481,104
768,2024-04-19,-0.11615,-0.18611,-0.04618,104
769,2024-04-26,-0.12368,-0.19273,-0.05464,104
770,2024-05-03,-0.12219,-0.18984,-0.05455,104
771,2024-05-10,-0.12152,-0.18912,-0.05391,104
772,2024-05-17,-0.12131,-0.18873,-0.05390,104
773,2024-05-24,-0.11817,-0.18582,-0.05052,104
774,2024-05-31,-0.11760,-0.18515,-0.05005,104
775,2024-06-07,-0.11969,-0.18820,-0.05119,104
776,2024-06-14,-0.10827,-0.17516,-0.04137,104
777,2024-06-21,-0.10934,-0.17581,-0.04287,104
778,2024-06-28,-0.10921,-0.17588,-0.04254,104
779,2024-07-05,-0.10621,-0.17268,-0.03973,104
780,2024-07-12,-0.10486,-0.17195,-0.03777,104
781,2024-07-19,-0.10299,-0.17005,-0.03593,104
782,2024-07-26,-0.09947,-0.16894,-0.03000,104
783,2024-08-02,-0.10784,-0.18327,-0.03240,104
784,2024-08-09,-0.10614,-0.18021,-0.03206,104
785,2024-08-16,-0.10504,-0.17871,-0.03137,104
786,2024-08-23,-0.10384,-0.17784,-0.02984,104
787,2024-08-30,-0.09165,-0.16350,-0.01980,104
788,2024-09-06,-0.09278,-0.16107,-0.02448,104
789,2024-09-13,-0.09147,-0.15997,-0.02298,104
790,2024-09-20,-0.09047,-0.16169,-0.01925,104
791,2024-09-27,-0.09353,-0.16247,-0.02459,104
792,2024-10-04,-0.09555,-0.16226,-0.02885,104
793,2024-10-11,-0.10098,-0.16701,-0.03494,104
794,2024-10-18,-0.10564,-0.16887,-0.04240,104
795,2024-10-25,-0.09983,-0.16558,-0.03409,104
796,2024-11-01,-0.10497,-0.16666,-0.04328,104
797,2024-11-08,-0.11141,-0.17009,-0.05272,104
798,2024-11-15,-0.11923,-0.17903,-0.05944,104
799,2024-11-22,-0.12576,-0.18537,-0.06615,104
800,2024-11-29,-0.12245,-0.18142,-0.06348,104
801,2024-12-06,-0.11587,-0.17701,-0.05472,104
802,2024-12-13,-0.11063,-0.17175,-0.04952,104
803,2024-12-20,-0.11513,-0.17845,-0.05181,104
804,2024-12-27,-0.11589,-0.17975,-0.05203,104
805,2025-01-03,-0.10301,-0.15395,-0.05207,104
806,2025-01-10,-0.08798,-0.13311,-0.04285,104
807,2025-01-17,-0.08873,-0.13406,-0.04340,104
808,2025-01-24,-0.08724,-0.13271,-0.04177,104
809,2025-01-31,-0.08208,-0.13117,-0.03299,104
810,2025-02-07,-0.08904,-0.13709,-0.04098,104
811,2025-02-14,-0.08831,-0.13676,-0.03986,104
812,2025-02-21,-0.08827,-0.13681,-0.03973,104
813,2025-02-28,-0.09269,-0.14185,-0.04352,104
814,2025-03-07,-0.08020,-0.13213,-0.02826,104
815,2025-03-14,-0.08252,-0.13996,-0.02507,104
816,2025-03-21,-0.07826,-0.13373,-0.02278,104
817,2025-03-28,-0.08092,-0.13823,-0.02361,104
818,2025-04-04,-0.06057,-0.12473,0.00359,104
819,2025-04-11,-0.06350,-0.12577,-0.00123,104
820,2025-04-18,-0.05656,-0.11694,0.00383,104
821,2025-04-25,-0.05879,-0.11890,0.00133,104
822,2025-05-02,-0.05427,-0.11307,0.00452,104
823,2025-05-09,-0.05300,-0.11116,0.00516,104
824,2025-05-16,-0.05627,-0.11377,0.00124,104
825,2025-05-23,-0.05704,-0.11504,0.00097,104
826,2025-05-30,-0.05638,-0.11449,0.00174,104
827,2025-06-06,-0.05842,-0.11647,-0.00036,104
828,2025-06-13,-0.05841,-0.11097,-0.00585,104
829,2025-06-20,-0.05249,-0.10400,-0.00097,104
830,2025-06-27,-0.05132,-0.09833,-0.00430,104
831,2025-07-04,-0.05110,-0.09859,-0.00361,104
832,2025-07-11,-0.04212,-0.08919,0.00495,104
833,2025-07-18,-0.04486,-0.09123,0.00150,104
834,2025-07-25,-0.04732,-0.09373,-0.00091,104
835,2025-08-01,-0.04554,-0.09232,0.00124,104
836,2025-08-08,-0.04281,-0.09025,0.00463,104
837,2025-08-15,-0.03986,-0.08717,0.00744,104
838,2025-08-22,-0.04013,-0.08719,0.00692,104
839,2025-08-29,-0.03866,-0.08648,0.00915,104
840,2025-09-05,-0.03998,-0.08754,0.00758,104
841,2025-09-12,-0.04425,-0.09278,0.00427,104
842,2025-09-19,-0.04421,-0.09272,0.00429,104
843,2025-09-26,-0.03810,-0.08657,0.01037,104
844,2025-10-03,-0.01904,-0.06905,0.03096,104
845,2025-10-10,-0.02221,-0.07261,0.02820,104
846,2025-10-17,-0.02260,-0.07303,0.02783,104
847,2025-10-24,-0.02392,-0.07231,0.02446,104
848,2025-10-31,-0.02561,-0.07505,0.02383,104
849,2025-11-07,-0.02602,-0.07623,0.02418,104
850,2025-11-14,-0.02852,-0.07907,0.02204,104
851,2025-11-21,-0.03116,-0.08235,0.02002,104
852,2025-11-28,-0.03106,-0.08232,0.02019,104
853,2025-12-05,-0.03013,-0.08153,0.02127,104
854,2025-12-12,-0.02655,-0.07682,0.02372,104
855,2025-12-19,-0.02264,-0.07333,0.02805,104
856,2025-12-26,-0.02473,-0.07512,0.02566,104
857,2026-01-02,-0.02562,-0.07580,0.02456,104
858,2026-01-09,-0.02457,-0.07439,0.02526,104
859,2026-01-16,-0.02501,-0.07472,0.02470,104
860,2026-01-23,-0.02679,-0.07837,0.02480,104
861,2026-01-30,-0.04049,-0.09964,0.01866,104
862,2026-02-06,-0.05444,-0.11778,0.00891,104
863,2026-02-13,-0.05331,-0.11638,0.00975,104
864,2026-02-20,-0.05137,-0.11207,0.00933,104
865,2026-02-27,-0.05335,-0.11333,0.00664,104
866,2026-03-06,-0.02648,-0.08812,0.03516,104
867,2026-03-13,-0.02676,-0.08889,0.03537,104
868,2026-03-20,-0.03262,-0.09100,0.02575,104
869,2026-03-27,-0.03276,-0.09103,0.02550,104
870,2026-04-03,-0.03114,-0.08727,0.02500,104
871,2026-04-10,-0.02609,-0.08061,0.02842,104
872,2026-04-17,-0.01996,-0.07302,0.03311,104
873,2026-04-24,-0.01841,-0.06695,0.03012,104
874,2026-05-01,-0.01728,-0.06573,0.03117,104
875,2026-05-08,-0.01607,-0.06197,0.02982,104
876,2026-05-15,-0.01581,-0.06066,0.02904,104
877,2026-05-22,-0.01481,-0.05909,0.02947,104
878,2026-05-29,-0.01558,-0.05790,0.02673,104
879,2026-06-05,-0.01517,-0.05736,0.02702,104
880,2026-06-12,-0.01973,-0.06329,0.02383,104
881,2026-06-19,-0.02223,-0.06647,0.02202,104
882,2026-06-26,-0.03038,-0.08042,0.01965,104
883,2026-07-03,-0.03032,-0.08013,0.01949,104
884,2026-07-10,-0.03268,-0.08502,0.01966,104
885,2026-07-17,-0.03157,-0.08065,0.01750,104
886,2026-07-24,-0.03083,-0.07912,0.01746,104
887,2026-07-31,-0.03003,-0.07786,0.01779,104
888,2026-08-07,-0.02910,-0.07588,0.01769,104
889,2026-08-14,-0.02914,-0.07551,0.01722,104
890,2026-08-21,-0.03181,-0.07846,0.01484,104
891,2026-08-28,-0.03138,-0.07742,0.01466,104
892,2026-09-04,-0.02865,-0.07470,0.01741,104
893,2026-09-11,-0.02824,-0.07362,0.01714,104
