unit,name,kind,sector,nobs,beta_oil_total,direct,direct_lo,direct_hi,direct_p,via_market,via_krone,beta_mkt,beta_krone,krone_lo,krone_hi,krone_p,partial_two_factor,market_oil_beta,krone_oil_beta,identity_gap,direct_q,krone_q
MARKET,Oslo Børs Benchmark Index,market,,990,0.28721,0.25739,0.18989,0.32488,0.00000,,0.02982,,-0.26330,-0.43263,-0.09396,0.00234,,0.28721,-0.11326,-0.00000,0.00000,0.00234
Exploration & production,Exploration & production,sector,Exploration & production,990,0.64260,0.35261,0.28821,0.41701,0.00000,0.29949,-0.00950,1.04277,0.08387,-0.02554,0.19328,0.13281,0.34712,0.28721,-0.11326,0.00000,0.00000,0.31139
Oil service & drilling,Oil service & drilling,sector,Oil service & drilling,990,0.57095,0.24651,0.16896,0.32407,0.00000,0.32570,-0.00126,1.13401,0.01112,-0.11114,0.13337,0.85841,0.24579,0.28721,-0.11326,0.00000,0.00000,0.93880
Tankers & gas shipping,Tankers & gas shipping,sector,Tankers & gas shipping,990,0.20530,-0.01832,-0.09993,0.06329,0.65971,0.25253,-0.02891,0.87925,0.25526,0.15265,0.35788,0.00000,-0.03503,0.28721,-0.11326,0.00000,0.69325,0.00001
Other shipping,Other shipping,sector,Other shipping,846,0.19003,0.01538,-0.06111,0.09186,0.69325,0.19511,-0.02046,0.88167,0.23361,0.00623,0.46098,0.04406,0.00433,0.22130,-0.08757,0.00000,0.69325,0.22029
Seafood,Seafood,sector,Seafood,990,0.11430,-0.09172,-0.14713,-0.03631,0.00120,0.20746,-0.00144,0.72232,0.01268,-0.14199,0.16736,0.87221,-0.09255,0.28721,-0.11326,0.00000,0.00300,0.93880
Banks & insurance,Banks & insurance,sector,Banks & insurance,990,0.20060,-0.03079,-0.07991,0.01834,0.21903,0.23064,0.00075,0.80304,-0.00659,-0.13077,0.11760,0.91712,-0.03036,0.28721,-0.11326,0.00000,0.27379,0.93880
Industrials & materials,Industrials & materials,sector,Industrials & materials,990,0.19403,-0.02556,-0.05832,0.00719,0.12596,0.21324,0.00636,0.74245,-0.05613,-0.13367,0.02140,0.15570,-0.02189,0.28721,-0.11326,0.00000,0.17994,0.31139
"Consumer, telecom & real estate","Consumer, telecom & real estate",sector,"Consumer, telecom & real estate",990,0.11926,-0.12749,-0.17806,-0.07692,0.00000,0.24113,0.00562,0.83956,-0.04964,-0.11472,0.01544,0.13474,-0.12424,0.28721,-0.11326,0.00000,0.00000,0.31139
Technology & renewables,Technology & renewables,sector,Technology & renewables,990,0.13168,-0.05958,-0.10581,-0.01335,0.01159,0.19204,-0.00078,0.66862,0.00685,-0.16825,0.18195,0.93880,-0.06003,0.28721,-0.11326,0.00000,0.01931,0.93880
Investment companies,Investment companies,sector,Investment companies,990,0.34523,0.10876,0.03841,0.17911,0.00248,0.24319,-0.00672,0.84672,0.05934,-0.15382,0.27250,0.58498,0.10488,0.28721,-0.11326,0.00000,0.00495,0.93880
EQNR.OL,Equinor,stock,Exploration & production,990,0.46536,0.24605,0.17683,0.31527,0.00000,0.22508,-0.00578,0.78369,0.05100,-0.15943,0.26143,0.63449,0.24271,0.28721,-0.11326,0.00000,0.00000,0.85557
AKRBP.OL,Aker BP,stock,Exploration & production,919,0.60258,0.36438,0.26816,0.46060,0.00000,0.24508,-0.00688,1.02090,0.07164,-0.16260,0.30588,0.54848,0.36066,0.24006,-0.09599,-0.00000,0.00000,0.85557
VAR.OL,Vår Energi,stock,Exploration & production,238,0.55096,0.39142,0.29374,0.48911,0.00000,0.16731,-0.00777,1.11555,0.12342,-0.13060,0.37744,0.33943,0.38664,0.14998,-0.06295,-0.00000,0.00000,0.78004
DNO.OL,DNO,stock,Exploration & production,990,0.74783,0.40843,0.27189,0.54498,0.00000,0.34428,-0.00489,1.19871,0.04315,-0.16724,0.25354,0.68742,0.40561,0.28721,-0.11326,0.00000,0.00000,0.85557
OKEA.OL,OKEA,stock,Exploration & production,377,0.56268,0.27591,0.08467,0.46715,0.00480,0.28429,0.00248,1.45950,-0.03759,-0.19355,0.11838,0.63587,0.27650,0.19479,-0.06599,0.00000,0.01151,0.85557
PEN.OL,Panoro Energy,stock,Exploration & production,848,0.78466,0.48158,0.37712,0.58604,0.00000,0.30682,-0.00374,1.38529,0.04260,-0.11726,0.20246,0.60107,0.47956,0.22148,-0.08786,-0.00000,0.00000,0.85557
BWE.OL,BW Energy,stock,Exploration & production,342,0.63118,0.35672,0.23549,0.47794,0.00000,0.28338,-0.00891,1.45694,0.13768,-0.11235,0.38771,0.27951,0.35477,0.19450,-0.06474,0.00000,0.00000,0.74459
SUBC.OL,Subsea 7,stock,Oil service & drilling,990,0.58363,0.19965,0.11032,0.28899,0.00001,0.38197,0.00201,1.32993,-0.01778,-0.14314,0.10758,0.78081,0.20082,0.28721,-0.11326,0.00000,0.00005,0.92814
TGS.OL,TGS,stock,Oil service & drilling,990,0.57340,0.22015,0.14743,0.29287,0.00000,0.35639,-0.00313,1.24086,0.02766,-0.14947,0.20480,0.75932,0.21834,0.28721,-0.11326,0.00000,0.00000,0.91994
AKSO.OL,Aker Solutions,stock,Oil service & drilling,989,0.66697,0.25074,0.11636,0.38513,0.00026,0.42756,-0.01134,1.48883,0.10005,-0.32343,0.52353,0.64302,0.24418,0.28718,-0.11334,0.00000,0.00098,0.85557
ODL.OL,Odfjell Drilling,stock,Oil service & drilling,676,0.56211,0.31720,0.20430,0.43009,0.00000,0.23383,0.01108,1.15323,-0.14017,-0.29116,0.01082,0.06879,0.32355,0.20276,-0.07908,0.00000,0.00000,0.36114
BORR.OL,Borr Drilling,stock,Oil service & drilling,420,0.73323,0.31263,0.09733,0.52792,0.00453,0.43124,-0.01064,2.14697,0.14746,-0.10842,0.40335,0.25794,0.30954,0.20086,-0.07213,-0.00000,0.01141,0.74459
SOFF.OL,Solstad Offshore,stock,Oil service & drilling,989,0.38135,0.20347,0.09082,0.31612,0.00041,0.19463,-0.01675,0.67787,0.14766,-0.09366,0.38899,0.23014,0.19379,0.28711,-0.11340,-0.00000,0.00137,0.74459
DOFG.OL,DOF Group,stock,Oil service & drilling,168,0.25239,0.08144,-0.03723,0.20010,0.17727,0.16954,0.00141,1.18753,-0.03885,-0.44336,0.36567,0.84985,0.08247,0.14277,-0.03620,0.00000,0.31022,0.93930
BWO.OL,BW Offshore,stock,Oil service & drilling,990,0.57031,0.30091,0.16564,0.43618,0.00001,0.26444,0.00496,0.92071,-0.04380,-0.21610,0.12851,0.61805,0.30378,0.28721,-0.11326,0.00000,0.00006,0.85557
ARCH.OL,Archer,stock,Oil service & drilling,824,0.56874,0.24539,0.11145,0.37933,0.00034,0.31744,0.00591,1.46542,-0.06886,-0.38973,0.25201,0.67370,0.24871,0.21662,-0.08590,-0.00000,0.00120,0.85557
FRO.OL,Frontline,stock,Tankers & gas shipping,990,0.14119,-0.14868,-0.32040,0.02304,0.08962,0.34948,-0.05961,1.21683,0.52631,0.31438,0.73824,0.00000,-0.18314,0.28721,-0.11326,0.00000,0.16132,0.00003
HAFNI.OL,Hafnia,stock,Tankers & gas shipping,357,0.15295,-0.00636,-0.19170,0.17899,0.94627,0.18204,-0.02274,0.93923,0.34519,0.21993,0.47046,0.00000,-0.01154,0.19382,-0.06586,-0.00000,0.94627,0.00000
OET.OL,Okeanis Eco Tankers,stock,Tankers & gas shipping,427,0.09895,-0.02560,-0.18536,0.13416,0.75296,0.15192,-0.02737,0.75776,0.40383,0.20993,0.59773,0.00005,-0.03238,0.20048,-0.06777,0.00000,0.89205,0.00080
BWLPG.OL,BW LPG,stock,Tankers & gas shipping,668,0.30424,0.06023,-0.04915,0.16961,0.27997,0.25387,-0.00986,1.24442,0.12371,-0.06219,0.30962,0.19177,0.05451,0.20401,-0.07973,0.00000,0.41648,0.67120
ODF.OL,Odfjell,stock,Tankers & gas shipping,990,0.15493,0.00471,-0.07524,0.08466,0.90794,0.15756,-0.00734,0.54857,0.06477,-0.08926,0.21879,0.40947,0.00047,0.28721,-0.11326,0.00000,0.93771,0.85557
SNI.OL,Stolt-Nielsen,stock,Tankers & gas shipping,990,0.23803,0.01907,-0.04464,0.08278,0.55703,0.23650,-0.01755,0.82345,0.15492,0.03495,0.27489,0.01143,0.00893,0.28721,-0.11326,0.00000,0.68057,0.10288
WAWI.OL,Wallenius Wilhelmsen,stock,Other shipping,846,0.25603,0.04469,-0.05995,0.14934,0.40211,0.22977,-0.01843,1.03827,0.21049,-0.03749,0.45846,0.09607,0.03474,0.22130,-0.08757,0.00000,0.55072,0.40349
HAUTO.OL,Höegh Autoliners,stock,Other shipping,249,0.13055,-0.01721,-0.15964,0.12522,0.81208,0.17048,-0.02272,1.13551,0.34815,-0.10076,0.79706,0.12791,-0.03095,0.15014,-0.06525,0.00000,0.89205,0.49835
MPCC.OL,MPC Container Ships,stock,Other shipping,484,0.16125,-0.04800,-0.18465,0.08865,0.49039,0.25164,-0.04238,1.24209,0.62459,0.24210,1.00707,0.00142,-0.05996,0.20259,-0.06785,0.00000,0.63050,0.01793
WWI.OL,Wilh. Wilhelmsen Holding,stock,Other shipping,990,0.17638,0.00685,-0.05232,0.06603,0.82024,0.16932,0.00020,0.58955,-0.00176,-0.11482,0.11131,0.97567,0.00697,0.28721,-0.11326,0.00000,0.89205,0.99347
MOWI.OL,Mowi,stock,Seafood,990,0.15279,-0.10183,-0.16546,-0.03820,0.00174,0.26084,-0.00622,0.90820,0.05495,-0.16382,0.27371,0.62220,-0.10543,0.28721,-0.11326,0.00000,0.00497,0.85557
SALM.OL,SalMar,stock,Seafood,990,0.06096,-0.10000,-0.17971,-0.02030,0.01398,0.15465,0.00631,0.53846,-0.05574,-0.31300,0.20151,0.67079,-0.09635,0.28721,-0.11326,0.00000,0.03145,0.85557
LSG.OL,Lerøy Seafood,stock,Seafood,990,0.09346,-0.06692,-0.13103,-0.00281,0.04077,0.16430,-0.00391,0.57204,0.03455,-0.10248,0.17158,0.62085,-0.06918,0.28721,-0.11326,0.00000,0.08027,0.85557
BAKKA.OL,Bakkafrost,stock,Seafood,859,0.08278,-0.07890,-0.15969,0.00190,0.05563,0.14671,0.01497,0.64404,-0.16350,-0.33800,0.01100,0.06626,-0.07101,0.22781,-0.09153,0.00000,0.10620,0.36114
AUSS.OL,Austevoll Seafood,stock,Seafood,990,0.13324,-0.13120,-0.20833,-0.05406,0.00088,0.27057,-0.00614,0.94208,0.05419,-0.09193,0.20032,0.46691,-0.13474,0.28721,-0.11326,0.00000,0.00276,0.85557
GSF.OL,Grieg Seafood,stock,Seafood,990,0.15326,-0.07308,-0.15497,0.00881,0.08021,0.23707,-0.01073,0.82541,0.09475,-0.07091,0.26041,0.26198,-0.07928,0.28721,-0.11326,0.00000,0.14862,0.74459
DNB.OL,DNB,stock,Banks & insurance,990,0.28622,-0.06572,-0.12070,-0.01073,0.01921,0.35175,0.00018,1.22471,-0.00163,-0.11615,0.11289,0.97770,-0.06561,0.28721,-0.11326,0.00000,0.04035,0.99347
STB.OL,Storebrand,stock,Banks & insurance,990,0.28909,-0.12277,-0.20144,-0.04409,0.00226,0.40946,0.00240,1.42564,-0.02122,-0.31172,0.26928,0.88605,-0.12138,0.28721,-0.11326,0.00000,0.00618,0.94612
GJF.OL,Gjensidige,stock,Banks & insurance,822,0.03893,-0.10370,-0.13286,-0.07454,0.00000,0.13850,0.00413,0.64133,-0.04806,-0.16927,0.07316,0.43669,-0.10138,0.21595,-0.08601,0.00000,0.00000,0.85557
MING.OL,SpareBank 1 SMN,stock,Banks & insurance,990,0.19953,0.01622,-0.03862,0.07107,0.56174,0.19162,-0.00831,0.66717,0.07335,-0.06364,0.21033,0.29363,0.01142,0.28721,-0.11326,0.00000,0.68057,0.74459
NONG.OL,SpareBank 1 Nord-Norge,stock,Banks & insurance,990,0.15387,-0.02252,-0.07382,0.02878,0.38917,0.17350,0.00289,0.60408,-0.02550,-0.09940,0.04840,0.49852,-0.02085,0.28721,-0.11326,0.00000,0.54484,0.85557
SB1NO.OL,SpareBank 1 Sør-Norge,stock,Banks & insurance,990,0.18963,0.00738,-0.06567,0.08043,0.84286,0.18681,-0.00456,0.65043,0.04024,-0.15943,0.23990,0.69260,0.00475,0.28721,-0.11326,0.00000,0.89205,0.85557
PROT.OL,Protector Forsikring,stock,Banks & insurance,990,0.19217,0.07280,-0.06054,0.20614,0.28427,0.11267,0.00670,0.39231,-0.05917,-0.33247,0.21412,0.67100,0.07667,0.28721,-0.11326,0.00000,0.41648,0.85557
NHY.OL,Norsk Hydro,stock,Industrials & materials,990,0.33168,-0.04671,-0.11662,0.02320,0.19012,0.34676,0.03163,1.20733,-0.27928,-0.37371,-0.18485,0.00000,-0.02842,0.28721,-0.11326,0.00000,0.32191,0.00000
YAR.OL,Yara,stock,Industrials & materials,990,0.31933,0.02328,-0.03273,0.07928,0.41491,0.29215,0.00390,1.01722,-0.03444,-0.12819,0.05931,0.47113,0.02553,0.28721,-0.11326,0.00000,0.55615,0.85557
ELK.OL,Elkem,stock,Industrials & materials,442,0.31754,-0.00355,-0.10505,0.09795,0.94517,0.31237,0.00873,1.55877,-0.13031,-0.25300,-0.00762,0.03742,-0.00124,0.20039,-0.06699,0.00000,0.94627,0.26196
BRG.OL,Borregaard,stock,Industrials & materials,725,0.05510,-0.12908,-0.18660,-0.07156,0.00001,0.17527,0.00891,0.87228,-0.11383,-0.26298,0.03532,0.13448,-0.12403,0.20093,-0.07831,0.00000,0.00005,0.49835
KOG.OL,Kongsberg Gruppen,stock,Industrials & materials,990,0.17330,0.04278,-0.03426,0.11983,0.27609,0.15065,-0.02014,0.52455,0.17781,-0.02221,0.37784,0.08139,0.03114,0.28721,-0.11326,-0.00000,0.41648,0.39445
TOM.OL,Tomra,stock,Industrials & materials,990,0.06191,-0.14701,-0.23677,-0.05726,0.00135,0.20134,0.00758,0.70103,-0.06696,-0.35112,0.21720,0.64388,-0.14263,0.28721,-0.11326,0.00000,0.00405,0.85557
VEI.OL,Veidekke,stock,Industrials & materials,990,0.17084,-0.00688,-0.07337,0.05962,0.83924,0.19371,-0.01599,0.67444,0.14121,-0.00519,0.28760,0.05867,-0.01612,0.28721,-0.11326,0.00000,0.89205,0.36114
AFG.OL,AF Gruppen,stock,Industrials & materials,990,0.09343,0.00660,-0.06163,0.07483,0.84957,0.08802,-0.00119,0.30647,0.01047,-0.09337,0.11431,0.84324,0.00591,0.28721,-0.11326,0.00000,0.89205,0.93930
HEX.OL,Hexagon Composites,stock,Industrials & materials,990,0.16972,-0.06343,-0.15923,0.03237,0.19417,0.20925,0.02390,0.72856,-0.21102,-0.37977,-0.04227,0.01430,-0.04961,0.28721,-0.11326,0.00000,0.32191,0.11264
ORK.OL,Orkla,stock,"Consumer, telecom & real estate",990,0.07099,-0.16395,-0.20677,-0.12114,0.00000,0.23186,0.00308,0.80727,-0.02722,-0.10247,0.04802,0.47790,-0.16217,0.28721,-0.11326,0.00000,0.00000,0.85557
TEL.OL,Telenor,stock,"Consumer, telecom & real estate",990,0.07964,-0.12618,-0.17317,-0.07918,0.00000,0.20663,-0.00081,0.71944,0.00714,-0.18030,0.19458,0.94043,-0.12665,0.28721,-0.11326,0.00000,0.00000,0.98746
EPR.OL,Europris,stock,"Consumer, telecom & real estate",586,0.05886,-0.07537,-0.13641,-0.01433,0.01561,0.13013,0.00410,0.63362,-0.05724,-0.16725,0.05278,0.30729,-0.07360,0.20538,-0.07158,-0.00000,0.03391,0.74459
KID.OL,Kid,stock,"Consumer, telecom & real estate",566,0.17036,0.07782,-0.04954,0.20518,0.23057,0.09247,0.00006,0.45090,-0.00088,-0.27903,0.27728,0.99506,0.07785,0.20509,-0.07194,0.00000,0.37247,0.99506
SATS.OL,SATS,stock,"Consumer, telecom & real estate",352,0.22880,-0.03634,-0.13208,0.05941,0.45594,0.27395,-0.00881,1.41248,0.13393,-0.19783,0.46568,0.42775,-0.03835,0.19395,-0.06580,0.00000,0.59842,0.85557
NAS.OL,Norwegian Air Shuttle,stock,"Consumer, telecom & real estate",990,0.01939,-0.33986,-0.46996,-0.20977,0.00000,0.31413,0.04513,1.09371,-0.39843,-0.65499,-0.14187,0.00237,-0.31378,0.28721,-0.11326,-0.00000,0.00000,0.02487
ENTRA.OL,Entra,stock,"Consumer, telecom & real estate",621,0.11558,-0.02157,-0.09034,0.04720,0.53814,0.14325,-0.00610,0.70617,0.07723,-0.23069,0.38516,0.62249,-0.02488,0.20286,-0.07901,-0.00000,0.67806,0.85557
NOD.OL,Nordic Semiconductor,stock,Technology & renewables,990,0.14971,-0.05347,-0.14755,0.04062,0.26504,0.20024,0.00294,0.69718,-0.02597,-0.36702,0.31507,0.88123,-0.05177,0.28721,-0.11326,0.00000,0.41648,0.94612
ATEA.OL,Atea,stock,Technology & renewables,990,0.17690,-0.03589,-0.11400,0.04222,0.36740,0.22889,-0.01609,0.79693,0.14211,-0.12493,0.40914,0.29660,-0.04520,0.28721,-0.11326,-0.00000,0.52605,0.74459
BOUV.OL,Bouvet,stock,Technology & renewables,990,0.08835,0.00553,-0.04855,0.05960,0.84106,0.08483,-0.00201,0.29537,0.01772,-0.14702,0.18247,0.83285,0.00437,0.28721,-0.11326,-0.00000,0.89205,0.93930
AUTO.OL,AutoStore,stock,Technology & renewables,255,-0.04533,-0.32487,-0.53421,-0.11553,0.00248,0.25313,0.02641,1.65505,-0.38484,-1.05124,0.28157,0.25648,-0.30779,0.15294,-0.06863,-0.00000,0.00652,0.74459
NEL.OL,Nel,stock,Technology & renewables,623,0.09080,-0.20294,-0.34419,-0.06169,0.00493,0.27881,0.01493,1.37290,-0.18828,-0.40571,0.02915,0.08953,-0.19472,0.20308,-0.07931,0.00000,0.01151,0.40288
SCATC.OL,Scatec,stock,Technology & renewables,623,0.12276,-0.09902,-0.18993,-0.00811,0.03284,0.22855,-0.00677,1.12544,0.08541,-0.23049,0.40131,0.59562,-0.10275,0.20308,-0.07931,0.00000,0.06673,0.85557
AKER.OL,Aker,stock,Investment companies,990,0.49305,0.22877,0.13084,0.32669,0.00001,0.27902,-0.01474,0.97150,0.13012,-0.14109,0.40133,0.34668,0.22025,0.28721,-0.11326,0.00000,0.00002,0.78004
BONHR.OL,Bonheur,stock,Investment companies,990,0.20092,-0.00959,-0.08054,0.06135,0.79079,0.20836,0.00215,0.72548,-0.01902,-0.19471,0.15668,0.83183,-0.00835,0.28721,-0.11326,0.00000,0.89205,0.93930
