unit,name,kind,sector,nobs,beta_oil_total,total_lo,total_hi,r2_oil_only,non_oil_vol,exp_-20%,lo_-20%,hi_-20%,exp_-10%,lo_-10%,hi_-10%,exp_+10%,lo_+10%,hi_+10%,exp_+20%,lo_+20%,hi_+20%,p_same_sign,p_same_sign_shock,rank
MARKET,Oslo Børs Benchmark Index,market,,260,0.15378,0.10198,0.20559,0.19911,0.01668,-0.03373,-0.04484,-0.02250,-0.01607,-0.02143,-0.01069,0.01477,0.00977,0.01979,0.02843,0.01877,0.03819,0.81024,0.10000,1
Exploration & production,Exploration & production,sector,Exploration & production,260,0.54138,0.47657,0.60618,0.46811,0.03121,-0.11379,-0.12652,-0.10088,-0.05544,-0.06187,-0.04897,0.05295,0.04647,0.05948,0.10374,0.09078,0.11686,0.95088,0.10000,1
Oil service & drilling,Oil service & drilling,sector,Oil service & drilling,260,0.39624,0.28283,0.50966,0.24187,0.03794,-0.08462,-0.10750,-0.06116,-0.04089,-0.05228,-0.02936,0.03849,0.02732,0.04977,0.07492,0.05292,0.09738,0.84025,0.10000,2
Tankers & gas shipping,Tankers & gas shipping,sector,Tankers & gas shipping,260,0.19154,0.09240,0.29068,0.06640,0.03884,-0.04184,-0.06280,-0.02041,-0.01998,-0.03016,-0.00969,0.01842,0.00885,0.02809,0.03554,0.01699,0.05443,0.68083,0.10000,3
Investment companies,Investment companies,sector,Investment companies,260,0.17095,0.12300,0.21891,0.08553,0.03023,-0.03743,-0.04767,-0.02707,-0.01785,-0.02280,-0.01288,0.01643,0.01179,0.02108,0.03166,0.02268,0.04072,0.70506,0.10000,4
Other shipping,Other shipping,sector,Other shipping,260,0.09012,0.00083,0.17940,0.01159,0.04501,-0.01991,-0.03924,-0.00019,-0.00945,-0.01872,-0.00009,0.00863,0.00008,0.01725,0.01657,0.00015,0.03325,0.57567,0.10000,5
Industrials & materials,Industrials & materials,sector,Industrials & materials,260,0.05874,0.02111,0.09637,0.01732,0.02393,-0.01302,-0.02128,-0.00470,-0.00617,-0.01010,-0.00222,0.00561,0.00201,0.00923,0.01077,0.00386,0.01773,0.59251,0.10000,6
Technology & renewables,Technology & renewables,sector,Technology & renewables,260,0.00623,-0.05342,0.06589,0.00008,0.03782,-0.00139,-0.01460,0.01199,-0.00066,-0.00692,0.00564,0.00059,-0.00508,0.00630,0.00114,-0.00969,0.01209,0.50627,0.10000,7
Banks & insurance,Banks & insurance,sector,Banks & insurance,260,0.00529,-0.04101,0.05159,0.00020,0.02005,-0.00118,-0.01144,0.00919,-0.00056,-0.00542,0.00433,0.00050,-0.00390,0.00493,0.00096,-0.00745,0.00945,0.51003,0.10000,8
Seafood,Seafood,sector,Seafood,260,-0.00643,-0.07974,0.06689,0.00008,0.03792,0.00144,-0.01481,0.01795,0.00068,-0.00702,0.00844,-0.00061,-0.00757,0.00640,-0.00117,-0.01443,0.01227,0.50645,0.10000,9
"Consumer, telecom & real estate","Consumer, telecom & real estate",sector,"Consumer, telecom & real estate",260,-0.03866,-0.08515,0.00783,0.00931,0.02156,0.00866,-0.00175,0.01918,0.00408,-0.00083,0.00901,-0.00368,-0.00808,0.00075,-0.00702,-0.01541,0.00143,0.56784,0.10000,10
OKEA.OL,OKEA,stock,Exploration & production,260,0.62314,0.51384,0.73243,0.28145,0.05384,-0.12981,-0.15078,-0.10833,-0.06355,-0.07427,-0.05270,0.06119,0.05019,0.07230,0.12032,0.09821,0.14286,0.86500,0.10000,1
DNO.OL,DNO,stock,Exploration & production,260,0.57837,0.44791,0.70882,0.30440,0.04728,-0.12108,-0.14629,-0.09512,-0.05912,-0.07196,-0.04610,0.05667,0.04361,0.06989,0.11121,0.08509,0.13796,0.87818,0.10000,2
PEN.OL,Panoro Energy,stock,Exploration & production,260,0.55721,0.46655,0.64786,0.33657,0.04230,-0.11692,-0.13460,-0.09887,-0.05702,-0.06598,-0.04797,0.05454,0.04547,0.06369,0.10693,0.08878,0.12538,0.89533,0.10000,3
VAR.OL,Vår Energi,stock,Exploration & production,238,0.55096,0.46789,0.63404,0.38329,0.03875,-0.11569,-0.13193,-0.09914,-0.05640,-0.06462,-0.04810,0.05392,0.04560,0.06229,0.10567,0.08905,0.12255,0.91231,0.10000,4
AKRBP.OL,Aker BP,stock,Exploration & production,260,0.54224,0.46949,0.61499,0.42475,0.03412,-0.11396,-0.12823,-0.09946,-0.05553,-0.06274,-0.04826,0.05304,0.04576,0.06037,0.10391,0.08937,0.11865,0.93505,0.10000,5
EQNR.OL,Equinor,stock,Exploration & production,260,0.48893,0.40250,0.57536,0.37947,0.03381,-0.10336,-0.12049,-0.08590,-0.05021,-0.05882,-0.04152,0.04770,0.03911,0.05637,0.09324,0.07614,0.11060,0.91594,0.10000,6
BORR.OL,Borr Drilling,stock,Oil service & drilling,209,0.46862,0.19976,0.73749,0.09186,0.08338,-0.09929,-0.15174,-0.04360,-0.04818,-0.07476,-0.02083,0.04568,0.01922,0.07282,0.08920,0.03709,0.14392,0.70390,0.10000,7
TGS.OL,TGS,stock,Oil service & drilling,260,0.46718,0.34105,0.59332,0.18015,0.05390,-0.09900,-0.12401,-0.07328,-0.04803,-0.06060,-0.03530,0.04553,0.03304,0.05818,0.08891,0.06415,0.11424,0.79565,0.10000,8
SOFF.OL,Solstad Offshore,stock,Oil service & drilling,260,0.44819,0.22261,0.67377,0.05263,0.10282,-0.09517,-0.13959,-0.04846,-0.04612,-0.06853,-0.02318,0.04364,0.02144,0.06632,0.08515,0.04142,0.13071,0.66109,0.10000,9
BWE.OL,BW Energy,stock,Exploration & production,260,0.43683,0.33728,0.53637,0.17822,0.05072,-0.09288,-0.11280,-0.07250,-0.04498,-0.05495,-0.03491,0.04251,0.03267,0.05245,0.08290,0.06342,0.10273,0.79412,0.10000,10
SUBC.OL,Subsea 7,stock,Oil service & drilling,260,0.39390,0.23962,0.54818,0.18811,0.04425,-0.08414,-0.11514,-0.05207,-0.04065,-0.05612,-0.02493,0.03826,0.02310,0.05364,0.07446,0.04466,0.10511,0.80188,0.10000,11
BWO.OL,BW Offshore,stock,Oil service & drilling,260,0.39142,0.27039,0.51246,0.18916,0.04382,-0.08364,-0.10806,-0.05855,-0.04040,-0.05256,-0.02809,0.03801,0.02611,0.05006,0.07397,0.05053,0.09794,0.80270,0.10000,12
ODL.OL,Odfjell Drilling,stock,Oil service & drilling,260,0.36775,0.22548,0.51002,0.18117,0.04228,-0.07878,-0.10757,-0.04907,-0.03801,-0.05232,-0.02348,0.03567,0.02172,0.04981,0.06935,0.04197,0.09745,0.79646,0.10000,13
AKER.OL,Aker,stock,Investment companies,260,0.33799,0.27128,0.40470,0.22752,0.03368,-0.07265,-0.08635,-0.05874,-0.03498,-0.04174,-0.02818,0.03274,0.02619,0.03933,0.06356,0.05070,0.07658,0.83060,0.10000,14
AKSO.OL,Aker Solutions,stock,Oil service & drilling,259,0.32613,0.21855,0.43371,0.11671,0.04858,-0.07019,-0.09224,-0.04760,-0.03378,-0.04467,-0.02276,0.03157,0.02105,0.04220,0.06126,0.04065,0.08229,0.73886,0.10000,15
ARCH.OL,Archer,stock,Oil service & drilling,260,0.31658,0.13606,0.49710,0.06899,0.06289,-0.06820,-0.10499,-0.02990,-0.03280,-0.05103,-0.01423,0.03063,0.01305,0.04852,0.05942,0.02512,0.09487,0.68431,0.10000,16
BWLPG.OL,BW LPG,stock,Tankers & gas shipping,260,0.29628,0.14724,0.44532,0.06617,0.06019,-0.06397,-0.09459,-0.03232,-0.03073,-0.04584,-0.01539,0.02864,0.01413,0.04336,0.05550,0.02721,0.08458,0.68053,0.10000,17
DOFG.OL,DOF Group,stock,Oil service & drilling,168,0.25239,0.14620,0.35857,0.10174,0.04009,-0.05476,-0.07690,-0.03210,-0.02624,-0.03707,-0.01529,0.02435,0.01403,0.03477,0.04709,0.02701,0.06756,0.72577,0.10000,18
HAFNI.OL,Hafnia,stock,Tankers & gas shipping,260,0.24651,0.14753,0.34550,0.07149,0.04804,-0.05352,-0.07420,-0.03238,-0.02564,-0.03575,-0.01542,0.02377,0.01416,0.03348,0.04597,0.02726,0.06502,0.68759,0.10000,19
NHY.OL,Norsk Hydro,stock,Industrials & materials,260,0.22573,0.11570,0.33576,0.06945,0.04468,-0.04912,-0.07218,-0.02549,-0.02350,-0.03476,-0.01212,0.02175,0.01109,0.03252,0.04201,0.02132,0.06313,0.68491,0.10000,20
YAR.OL,Yara,stock,Industrials & materials,260,0.20269,0.14355,0.26182,0.10415,0.03215,-0.04422,-0.05675,-0.03153,-0.02113,-0.02721,-0.01501,0.01951,0.01378,0.02527,0.03765,0.02652,0.04889,0.72606,0.10000,21
OET.OL,Okeanis Eco Tankers,stock,Tankers & gas shipping,260,0.18518,0.06060,0.30976,0.03540,0.05227,-0.04048,-0.06679,-0.01343,-0.01932,-0.03211,-0.00636,0.01781,0.00579,0.02996,0.03434,0.01111,0.05810,0.63218,0.10000,22
ODF.OL,Odfjell,stock,Tankers & gas shipping,260,0.15667,0.03414,0.27920,0.03183,0.04673,-0.03436,-0.06040,-0.00759,-0.01637,-0.02899,-0.00359,0.01504,0.00326,0.02697,0.02898,0.00624,0.05222,0.62535,0.10000,23
ELK.OL,Elkem,stock,Industrials & materials,260,0.15279,0.03178,0.27379,0.02646,0.05012,-0.03352,-0.05927,-0.00707,-0.01597,-0.02843,-0.00334,0.01467,0.00303,0.02644,0.02825,0.00581,0.05119,0.61430,0.10000,24
FRO.OL,Frontline,stock,Tankers & gas shipping,260,0.14388,-0.00938,0.29713,0.01685,0.05943,-0.03160,-0.06415,0.00209,-0.01504,-0.03082,0.00099,0.01381,-0.00089,0.02872,0.02658,-0.00171,0.05567,0.59125,0.10000,25
WAWI.OL,Wallenius Wilhelmsen,stock,Other shipping,260,0.13179,0.02002,0.24356,0.01262,0.06305,-0.02898,-0.05290,-0.00446,-0.01379,-0.02534,-0.00211,0.01264,0.00191,0.02349,0.02432,0.00366,0.04541,0.57896,0.10000,26
HAUTO.OL,Höegh Autoliners,stock,Other shipping,249,0.13055,0.02070,0.24040,0.01394,0.06010,-0.02871,-0.05223,-0.00461,-0.01366,-0.02501,-0.00218,0.01252,0.00198,0.02318,0.02409,0.00378,0.04481,0.58201,0.10000,27
SNI.OL,Stolt-Nielsen,stock,Tankers & gas shipping,260,0.12376,0.01191,0.23561,0.02269,0.04392,-0.02724,-0.05122,-0.00265,-0.01295,-0.02452,-0.00125,0.01187,0.00114,0.02271,0.02282,0.00217,0.04389,0.60586,0.10000,28
WWI.OL,Wilh. Wilhelmsen Holding,stock,Other shipping,260,0.12288,0.04756,0.19820,0.02938,0.03819,-0.02705,-0.04326,-0.01056,-0.01286,-0.02067,-0.00500,0.01178,0.00454,0.01907,0.02266,0.00871,0.03680,0.62045,0.10000,29
KOG.OL,Kongsberg Gruppen,stock,Industrials & materials,260,0.08793,-0.03258,0.20844,0.00895,0.05004,-0.01943,-0.04545,0.00730,-0.00922,-0.02172,0.00344,0.00842,-0.00310,0.02007,0.01616,-0.00592,0.03873,0.56650,0.10000,30
SCATC.OL,Scatec,stock,Technology & renewables,260,0.08023,-0.03072,0.19118,0.00597,0.05598,-0.01774,-0.04176,0.00688,-0.00842,-0.01994,0.00324,0.00768,-0.00292,0.01839,0.01474,-0.00559,0.03547,0.55433,0.10000,31
SATS.OL,SATS,stock,"Consumer, telecom & real estate",260,0.05978,-0.06534,0.18490,0.00346,0.05487,-0.01325,-0.04042,0.01469,-0.00628,-0.01929,0.00691,0.00571,-0.00621,0.01778,0.01096,-0.01184,0.03429,0.54135,0.10000,32
ENTRA.OL,Entra,stock,"Consumer, telecom & real estate",260,0.03658,-0.03240,0.10556,0.00295,0.03638,-0.00813,-0.02328,0.00726,-0.00385,-0.01106,0.00342,0.00349,-0.00308,0.01011,0.00669,-0.00589,0.01943,0.53817,0.10000,33
HEX.OL,Hexagon Composites,stock,Industrials & materials,260,0.03591,-0.12869,0.20050,0.00067,0.07480,-0.00798,-0.04376,0.02913,-0.00378,-0.02090,0.01365,0.00343,-0.01219,0.01929,0.00657,-0.02319,0.03723,0.51825,0.10000,34
KID.OL,Kid,stock,"Consumer, telecom & real estate",260,0.03495,-0.05292,0.12282,0.00248,0.03787,-0.00777,-0.02704,0.01188,-0.00368,-0.01286,0.00559,0.00334,-0.00503,0.01178,0.00639,-0.00960,0.02265,0.53505,0.10000,35
SB1NO.OL,SpareBank 1 Sør-Norge,stock,Banks & insurance,260,0.03245,-0.01982,0.08472,0.00469,0.02555,-0.00721,-0.01873,0.00443,-0.00341,-0.00889,0.00209,0.00310,-0.00189,0.00811,0.00593,-0.00361,0.01557,0.54817,0.10000,36
NOD.OL,Nordic Semiconductor,stock,Technology & renewables,260,0.02932,-0.10332,0.16196,0.00049,0.07197,-0.00652,-0.03550,0.02332,-0.00308,-0.01692,0.01095,0.00280,-0.00980,0.01556,0.00536,-0.01866,0.02997,0.51549,0.10000,37
MOWI.OL,Mowi,stock,Seafood,260,0.02560,-0.03701,0.08822,0.00156,0.03501,-0.00570,-0.01949,0.00829,-0.00269,-0.00925,0.00391,0.00244,-0.00352,0.00844,0.00468,-0.00673,0.01621,0.52778,0.10000,38
NONG.OL,SpareBank 1 Nord-Norge,stock,Banks & insurance,260,0.02478,-0.02568,0.07525,0.00318,0.02374,-0.00552,-0.01665,0.00575,-0.00261,-0.00790,0.00271,0.00237,-0.00244,0.00720,0.00453,-0.00467,0.01381,0.53963,0.10000,39
VEI.OL,Veidekke,stock,Industrials & materials,260,0.02067,-0.03692,0.07825,0.00186,0.02587,-0.00460,-0.01731,0.00827,-0.00218,-0.00821,0.00390,0.00197,-0.00351,0.00749,0.00378,-0.00671,0.01437,0.53035,0.10000,40
MING.OL,SpareBank 1 SMN,stock,Banks & insurance,260,0.01924,-0.03684,0.07532,0.00188,0.02400,-0.00428,-0.01667,0.00825,-0.00203,-0.00790,0.00389,0.00184,-0.00351,0.00720,0.00351,-0.00669,0.01383,0.53045,0.10000,41
AFG.OL,AF Gruppen,stock,Industrials & materials,260,0.01890,-0.04662,0.08442,0.00127,0.02861,-0.00421,-0.01866,0.01046,-0.00199,-0.00885,0.00492,0.00180,-0.00443,0.00808,0.00345,-0.00846,0.01551,0.52510,0.10000,42
DNB.OL,DNB,stock,Banks & insurance,260,0.00639,-0.04660,0.05939,0.00021,0.02403,-0.00143,-0.01317,0.01045,-0.00067,-0.00624,0.00492,0.00061,-0.00443,0.00568,0.00117,-0.00846,0.01089,0.51012,0.10000,43
SALM.OL,SalMar,stock,Seafood,260,0.00379,-0.09576,0.10334,0.00002,0.04984,-0.00085,-0.02280,0.02160,-0.00040,-0.01083,0.01014,0.00036,-0.00909,0.00990,0.00069,-0.01731,0.01902,0.50289,0.10000,44
ATEA.OL,Atea,stock,Technology & renewables,260,0.00219,-0.05003,0.05440,0.00001,0.03493,-0.00049,-0.01207,0.01123,-0.00023,-0.00572,0.00529,0.00021,-0.00476,0.00520,0.00040,-0.00908,0.00997,0.50238,0.10000,45
EPR.OL,Europris,stock,"Consumer, telecom & real estate",260,0.00208,-0.07216,0.07633,0.00001,0.03608,-0.00046,-0.01689,0.01623,-0.00022,-0.00801,0.00763,0.00020,-0.00685,0.00730,0.00038,-0.01307,0.01401,0.50220,0.10000,46
BONHR.OL,Bonheur,stock,Investment companies,260,0.00074,-0.09558,0.09706,0.00000,0.04227,-0.00017,-0.02143,0.02156,-0.00008,-0.01017,0.01012,0.00007,-0.00907,0.00929,0.00014,-0.01727,0.01785,0.50067,0.10000,47
NEL.OL,Nel,stock,Technology & renewables,260,-0.00012,-0.13838,0.13813,0.00000,0.08109,0.00003,-0.03035,0.03136,0.00001,-0.01445,0.01469,-0.00001,-0.01310,0.01325,-0.00002,-0.02491,0.02550,0.50006,0.10000,48
LSG.OL,Lerøy Seafood,stock,Seafood,260,-0.00067,-0.08008,0.07874,0.00000,0.04323,0.00015,-0.01742,0.01803,0.00007,-0.00826,0.00847,-0.00006,-0.00760,0.00753,-0.00012,-0.01449,0.01446,0.50059,0.10000,49
STB.OL,Storebrand,stock,Banks & insurance,260,-0.00455,-0.08751,0.07841,0.00007,0.02911,0.00101,-0.01735,0.01972,0.00048,-0.00823,0.00926,-0.00043,-0.00831,0.00750,-0.00083,-0.01583,0.01440,0.50594,0.10000,50
GJF.OL,Gjensidige,stock,Banks & insurance,260,-0.01445,-0.05801,0.02911,0.00084,0.02698,0.00323,-0.00647,0.01303,0.00152,-0.00306,0.00613,-0.00138,-0.00551,0.00278,-0.00263,-0.01052,0.00532,0.52036,0.10000,51
GSF.OL,Grieg Seafood,stock,Seafood,260,-0.01586,-0.13358,0.10186,0.00021,0.05921,0.00355,-0.02247,0.03026,0.00167,-0.01067,0.01417,-0.00151,-0.01265,0.00976,-0.00289,-0.02406,0.01874,0.51018,0.10000,52
BOUV.OL,Bouvet,stock,Technology & renewables,260,-0.01893,-0.08637,0.04851,0.00090,0.03404,0.00423,-0.01077,0.01946,0.00200,-0.00510,0.00914,-0.00180,-0.00820,0.00463,-0.00345,-0.01562,0.00888,0.52113,0.10000,53
MPCC.OL,MPC Container Ships,stock,Other shipping,260,-0.01943,-0.17642,0.13757,0.00033,0.05755,0.00434,-0.03023,0.04015,0.00205,-0.01439,0.01876,-0.00185,-0.01667,0.01320,-0.00354,-0.03165,0.02540,0.51283,0.10000,54
BAKKA.OL,Bakkafrost,stock,Seafood,260,-0.02206,-0.11444,0.07031,0.00075,0.04347,0.00493,-0.01557,0.02586,0.00233,-0.00738,0.01213,-0.00210,-0.01085,0.00672,-0.00401,-0.02065,0.01290,0.51929,0.10000,55
PROT.OL,Protector Forsikring,stock,Banks & insurance,260,-0.02619,-0.10219,0.04980,0.00143,0.03740,0.00586,-0.01105,0.02306,0.00276,-0.00523,0.01082,-0.00249,-0.00969,0.00476,-0.00476,-0.01846,0.00912,0.52661,0.10000,56
AUSS.OL,Austevoll Seafood,stock,Seafood,260,-0.02873,-0.12460,0.06715,0.00159,0.03899,0.00643,-0.01487,0.02819,0.00303,-0.00705,0.01321,-0.00273,-0.01181,0.00642,-0.00522,-0.02246,0.01232,0.52799,0.10000,57
AUTO.OL,AutoStore,stock,Technology & renewables,255,-0.04533,-0.21952,0.12886,0.00075,0.08992,0.01017,-0.02834,0.05020,0.00479,-0.01348,0.02340,-0.00431,-0.02070,0.01236,-0.00823,-0.03923,0.02377,0.51916,0.10000,58
BRG.OL,Borregaard,stock,Industrials & materials,260,-0.04593,-0.11860,0.02674,0.00544,0.03358,0.01030,-0.00595,0.02682,0.00485,-0.00281,0.01257,-0.00437,-0.01124,0.00255,-0.00834,-0.02139,0.00489,0.55186,0.10000,59
TEL.OL,Telenor,stock,"Consumer, telecom & real estate",260,-0.05728,-0.10373,-0.01082,0.01346,0.02652,0.01286,0.00242,0.02342,0.00605,0.00114,0.01099,-0.00544,-0.00984,-0.00103,-0.01039,-0.01873,-0.00197,0.58154,0.10000,60
ORK.OL,Orkla,stock,"Consumer, telecom & real estate",260,-0.11151,-0.17809,-0.04492,0.05339,0.02539,0.02519,0.01007,0.04054,0.01182,0.00474,0.01894,-0.01057,-0.01683,-0.00427,-0.02012,-0.03195,-0.00816,0.66223,0.10000,61
TOM.OL,Tomra,stock,Industrials & materials,260,-0.17396,-0.33745,-0.01047,0.02154,0.06340,0.03958,0.00234,0.07821,0.01850,0.00110,0.03619,-0.01644,-0.03165,-0.00100,-0.03122,-0.05967,-0.00191,0.60316,0.10000,62
NAS.OL,Norwegian Air Shuttle,stock,"Consumer, telecom & real estate",260,-0.23503,-0.36779,-0.10227,0.04390,0.05931,0.05385,0.02308,0.08553,0.02507,0.01083,0.03951,-0.02215,-0.03445,-0.00970,-0.04195,-0.06486,-0.01847,0.64716,0.10000,63
